Amount,TransactionType,Channel,CustomerAge,CustomerGender,LoginAttempts,AccountBalance,TransactionDuration,IsFraud,Target
90.9,1,2,53.0,1,2,23288.0,95.0,0,2
35.22,3,0,32.0,0,2,39528.69,253.0,0,0
0.56,3,1,36.0,0,1,27228.84,136.0,0,0
41.46,1,3,68.0,1,2,98449.4,173.0,0,2
106.92,3,1,59.0,0,2,85492.55,64.0,0,0
71.7,0,0,22.0,0,3,93057.42,245.0,0,0
89.26,1,3,36.0,1,1,78983.04,194.0,0,2
591.75,3,1,60.0,0,1,45906.65,285.0,0,1
64.68,1,0,56.0,0,2,20940.71,236.0,1,3
90.27,0,1,22.0,1,2,21203.98,293.0,1,3
21.5,3,2,69.0,1,2,15592.44,279.0,0,2
7.37,2,3,29.0,0,4,54891.63,19.0,0,0
224.02,3,3,36.0,1,1,92036.67,45.0,0,2
126.83,3,3,64.0,0,5,99183.91,212.0,0,0
24.35,2,3,53.0,0,4,69882.8,244.0,0,0
127.23,2,2,29.0,1,5,59911.25,100.0,0,2
43.88,2,3,35.0,1,1,49149.14,282.0,0,2
38.83,0,1,66.0,0,1,66743.98,164.0,0,0
1.74,0,1,68.0,1,2,37450.62,286.0,0,2
20.95,0,1,65.0,1,1,94476.24,213.0,0,2
55.5,0,1,60.0,0,1,70692.16,137.0,1,3
18.64,0,2,51.0,1,1,75543.01,101.0,0,2
638.8,2,0,65.0,1,2,24621.0,223.0,0,1
55.36,1,0,50.0,1,5,17273.91,75.0,0,2
20.95,0,1,66.0,0,2,39736.91,278.0,0,0
33.3,1,0,35.0,1,3,76783.91,138.0,0,2
132.9,3,0,74.0,0,1,93910.19,70.0,0,0
9.93,3,3,46.0,0,2,43019.32,131.0,1,3
297.55,0,2,62.0,1,2,77528.6,209.0,0,2
488.56,3,1,22.0,0,4,47305.56,121.0,0,1
42.5,1,0,42.0,0,3,29875.21,271.0,0,0
89.7,3,0,41.0,0,4,74056.88,286.0,0,0
3.36,3,1,46.0,0,3,79921.11,153.0,0,0
153.54,1,3,55.0,1,3,20682.66,198.0,0,2
80.15,3,1,50.0,1,5,30864.37,172.0,0,2
47.22,0,3,27.0,1,4,49730.3,183.0,0,2
34.76,1,0,54.0,0,3,19058.92,152.0,0,0
159.21,1,2,50.0,0,1,92919.01,61.0,0,0
80.73,2,3,40.0,1,5,59337.72,9.0,0,2
29.71,2,3,28.0,0,1,12559.73,18.0,0,0
175.25,1,1,41.0,1,2,18810.97,284.0,0,2
124.89,1,0,41.0,0,2,95458.36,220.0,0,0
293.5,2,2,24.0,1,3,73947.77,179.0,0,1
18.75,0,1,67.0,1,1,73573.31,7.0,0,2
231.03,3,1,38.0,1,3,7713.61,141.0,1,3
167.91,3,2,37.0,0,5,89582.23,104.0,0,0
18.33,3,0,70.0,1,5,44651.67,87.0,0,2
178.03,1,2,27.0,0,1,66141.87,284.0,0,0
87.39,0,1,42.0,0,2,95989.08,136.0,0,0
435.02,2,1,64.0,1,5,10451.23,5.0,0,1
22.9,0,3,53.0,1,1,48486.51,120.0,0,2
154.43,0,2,65.0,0,1,5436.47,206.0,1,3
72.19,3,2,64.0,0,2,50204.77,144.0,0,0
471.34,2,2,32.0,1,1,25599.81,150.0,0,1
491.26,2,0,57.0,0,2,40150.0,206.0,0,1
347.63,1,1,57.0,1,1,63570.31,156.0,0,1
47.29,3,3,67.0,1,1,86098.58,226.0,1,3
244.1,2,1,23.0,1,1,98377.34,83.0,1,3
814.07,1,1,54.0,1,2,50630.03,204.0,0,1
43.69,1,1,19.0,0,3,45847.89,254.0,0,0
86.11,1,3,29.0,0,3,8036.09,103.0,0,0
110.15,0,2,21.0,1,5,1767.52,217.0,0,2
52.42,0,0,40.0,1,4,61075.81,147.0,1,3
2.31,3,0,30.0,0,3,7013.7,194.0,0,0
37.29,3,3,34.0,0,5,38347.7,56.0,0,0
49.68,1,2,48.0,0,1,858.84,116.0,0,0
28.15,0,3,58.0,0,2,42828.81,116.0,0,0
309.84,3,1,43.0,1,5,13138.57,17.0,0,1
183.07,2,2,45.0,1,1,29988.58,277.0,0,2
13.36,0,0,18.0,0,4,57181.24,237.0,0,0
157.51,1,3,64.0,0,4,65842.98,48.0,0,0
159.05,1,0,29.0,1,1,46502.42,77.0,0,2
469.29,3,1,54.0,0,1,80493.93,265.0,0,1
0.45,0,3,72.0,0,5,11687.82,235.0,0,0
42.74,1,0,73.0,1,3,8912.3,37.0,0,2
394.23,1,0,67.0,1,5,4902.3,72.0,0,1
403.53,0,1,37.0,1,1,53814.87,20.0,0,1
191.26,0,3,19.0,1,1,70770.05,154.0,0,2
217.71,1,2,53.0,0,2,13486.88,296.0,0,0
14.39,3,2,32.0,1,1,64075.09,106.0,0,2
108.19,3,0,55.0,0,4,47956.3,190.0,0,0
29.99,2,0,61.0,0,5,71888.62,76.0,0,0
249.35,0,1,67.0,0,1,65918.6,85.0,0,0
21.76,1,2,49.0,1,3,57259.75,65.0,1,3
94.85,2,0,37.0,0,1,99737.94,22.0,0,0
418.5,3,0,53.0,0,3,98055.69,246.0,0,1
30.84,2,1,50.0,0,5,54042.45,62.0,0,0
572.46,1,3,32.0,1,2,45790.74,61.0,1,1
774.78,1,1,67.0,1,5,46480.43,101.0,1,1
121.66,0,3,63.0,1,2,43120.07,219.0,1,3
56.99,3,0,46.0,1,3,27721.63,15.0,0,2
82.88,2,0,64.0,0,4,92715.48,167.0,0,0
55.51,3,1,44.0,1,2,49277.89,287.0,0,2
49.41,2,1,22.0,0,5,84279.78,221.0,0,0
537.57,1,2,73.0,1,3,47792.72,245.0,0,1
24.97,1,2,48.0,0,4,71969.88,49.0,0,0
198.26,1,3,39.0,1,5,34019.76,85.0,0,2
0.06,1,2,52.0,0,4,62668.28,259.0,0,0
136.02,1,2,71.0,1,5,50087.96,71.0,0,2
371.44,2,2,24.0,0,1,37027.87,106.0,0,1
50.94,1,2,23.0,0,2,88214.85,95.0,0,0
30.78,2,3,43.0,0,1,11714.81,46.0,0,0
158.19,1,2,71.0,0,1,48948.85,280.0,0,0
187.03,2,3,18.0,0,1,19839.72,278.0,1,3
174.73,2,1,36.0,0,2,86174.98,81.0,0,0
57.7,2,0,24.0,1,3,25720.2,238.0,1,3
468.26,2,2,29.0,0,3,16973.57,225.0,0,1
385.18,2,0,37.0,0,1,40788.91,266.0,0,1
91.68,1,2,40.0,0,4,89986.04,43.0,0,0
280.81,2,2,42.0,0,1,17023.41,15.0,0,0
90.31,2,1,47.0,0,2,66487.98,116.0,0,0
82.85,0,2,46.0,0,3,20848.78,112.0,1,3
25.58,3,1,48.0,0,2,41867.03,98.0,1,3
83.38,0,2,35.0,1,1,54291.38,88.0,1,3
115.64,1,3,58.0,0,1,57941.99,62.0,1,3
3.41,3,0,36.0,0,5,60449.88,297.0,0,0
88.08,3,1,71.0,1,3,64193.08,20.0,0,2
228.05,0,1,21.0,1,1,27540.99,97.0,0,2
170.94,3,0,18.0,0,1,40436.06,169.0,0,0
360.45,2,0,32.0,1,3,76991.32,148.0,1,3
2.73,0,3,71.0,1,1,83791.4,278.0,0,2
122.14,3,2,25.0,0,1,20324.06,142.0,0,0
232.22,3,3,32.0,0,2,20543.67,208.0,0,0
116.92,1,2,32.0,1,1,4682.62,214.0,0,2
58.71,1,0,67.0,0,2,97053.19,23.0,0,0
21.97,1,3,56.0,0,5,80815.06,298.0,1,3
327.8,1,2,39.0,0,1,36389.97,297.0,1,3
95.45,3,0,35.0,1,4,48449.87,166.0,0,2
315.7,1,2,33.0,1,2,29550.71,134.0,0,1
132.23,0,1,19.0,1,1,59925.77,48.0,0,2
168.22,2,1,53.0,1,1,71872.19,87.0,0,2
244.65,3,0,37.0,0,4,45013.16,128.0,1,3
161.45,1,2,33.0,0,5,87422.62,31.0,0,0
76.14,3,1,20.0,0,2,51944.07,11.0,0,0
108.12,1,3,73.0,1,1,14853.2,203.0,0,2
243.72,3,2,47.0,1,1,62417.99,116.0,1,3
70.18,1,2,72.0,0,2,46491.98,93.0,0,0
15.09,1,1,52.0,1,2,39493.45,234.0,0,2
369.03,0,0,43.0,0,5,40585.14,22.0,0,1
14.32,3,2,74.0,1,3,65251.95,293.0,0,2
156.71,3,3,22.0,1,5,52935.13,165.0,0,2
79.96,0,1,19.0,0,1,37757.76,285.0,1,3
78.04,0,2,68.0,1,1,98982.55,170.0,0,2
170.71,2,1,73.0,0,2,30567.46,264.0,0,0
135.1,2,2,51.0,1,5,86510.55,270.0,0,2
221.78,3,2,51.0,0,1,835.61,295.0,0,0
264.22,3,0,71.0,1,4,20524.69,283.0,0,2
28.05,2,3,73.0,1,1,59249.45,221.0,0,2
341.57,3,1,72.0,1,1,16663.83,211.0,0,1
160.13,3,0,37.0,1,4,98587.49,157.0,1,3
320.38,2,2,67.0,1,5,46687.46,185.0,1,3
99.62,1,0,42.0,1,5,59937.73,216.0,0,2
117.14,2,2,37.0,1,5,16457.16,277.0,0,2
377.07,3,0,42.0,1,4,29293.12,207.0,0,1
345.25,0,3,70.0,1,3,61655.17,209.0,0,1
89.17,1,2,31.0,0,3,55180.56,157.0,0,0
48.12,0,0,64.0,0,4,78544.21,174.0,0,0
74.93,1,3,61.0,1,4,27288.7,245.0,1,3
73.6,0,3,60.0,1,5,65527.44,291.0,0,2
50.71,1,1,60.0,1,5,29452.06,249.0,1,3
46.92,2,2,56.0,0,5,58881.89,84.0,0,0
296.06,1,1,29.0,0,1,60700.58,96.0,0,0
10.86,1,3,65.0,1,3,12622.99,153.0,0,2
169.8,1,1,22.0,1,1,55088.99,34.0,1,3
28.46,3,1,19.0,1,1,1687.86,127.0,0,2
63.35,0,0,71.0,0,2,50370.47,33.0,0,0
9.53,2,1,33.0,1,2,69903.43,263.0,0,2
47.2,0,3,72.0,0,2,7746.86,190.0,0,0
219.43,0,1,47.0,0,2,93901.73,79.0,0,0
324.44,2,2,64.0,1,2,46146.18,49.0,0,1
37.56,3,0,60.0,0,2,93872.42,73.0,1,3
93.42,1,3,55.0,1,4,11186.14,214.0,0,2
95.32,3,1,62.0,0,1,95015.31,243.0,0,0
310.22,3,2,68.0,0,1,11365.11,196.0,0,0
215.83,1,3,59.0,1,2,46418.83,107.0,0,2
107.95,0,1,41.0,1,2,93830.21,245.0,1,3
166.64,1,0,68.0,0,5,23654.47,257.0,0,0
281.95,2,1,47.0,0,5,3961.11,224.0,0,0
1.44,1,3,54.0,0,3,79414.51,221.0,0,0
356.67,3,3,70.0,1,2,51635.16,33.0,0,1
202.24,3,2,56.0,1,1,3917.17,216.0,0,2
117.41,1,1,28.0,1,2,65496.51,158.0,0,2
113.14,2,1,31.0,0,2,17576.52,235.0,0,0
110.26,3,0,70.0,0,2,68729.83,181.0,1,3
159.8,1,2,33.0,0,2,70849.87,185.0,0,0
81.29,2,2,67.0,0,1,23641.74,236.0,0,0
187.84,2,0,38.0,1,2,88135.01,16.0,0,2
296.24,3,2,72.0,1,1,54004.39,190.0,0,1
25.21,3,0,72.0,0,1,85779.88,253.0,0,0
90.1,0,3,21.0,0,5,27459.27,270.0,0,0
78.64,2,3,50.0,0,3,75668.44,139.0,1,3
174.46,0,2,71.0,0,1,57669.41,249.0,0,0
43.13,2,3,64.0,0,1,5317.72,35.0,0,0
153.35,2,3,31.0,0,1,40831.56,263.0,0,0
314.93,1,3,36.0,0,5,18799.09,108.0,1,3
81.23,3,1,22.0,0,2,36237.77,5.0,1,3
362.89,2,3,53.0,1,1,38643.49,211.0,0,1
747.83,0,1,48.0,0,1,47755.37,139.0,0,1
16.82,3,0,62.0,0,5,60228.9,275.0,0,0
39.8,0,0,35.0,1,3,57312.28,93.0,0,2
450.5,3,0,61.0,1,2,4379.64,199.0,0,1
476.69,3,0,48.0,0,4,75193.58,126.0,0,1
15.42,2,0,72.0,1,4,94943.8,120.0,0,2
2.27,1,3,47.0,1,5,35193.79,200.0,0,2
26.35,2,3,38.0,0,2,18384.82,40.0,0,0
828.7,3,3,64.0,1,2,54230.16,71.0,0,1
29.77,2,0,47.0,0,3,70638.84,137.0,0,0
104.74,2,0,72.0,0,2,68051.04,285.0,0,0
282.99,3,1,58.0,0,5,61404.9,15.0,0,0
3.09,3,2,21.0,1,2,15050.11,222.0,1,3
139.14,2,3,22.0,1,4,83764.08,160.0,0,2
48.66,2,2,58.0,0,4,42849.35,244.0,0,0
297.44,2,0,62.0,0,1,22536.12,64.0,0,0
50.0,0,0,27.0,1,3,9083.48,142.0,0,2
174.12,2,0,44.0,0,1,41963.55,54.0,0,0
168.23,0,2,33.0,1,2,61988.32,171.0,0,2
37.56,1,1,47.0,1,3,66705.08,169.0,0,2
5.31,0,0,30.0,1,1,96292.32,193.0,0,2
78.95,2,1,53.0,1,5,15738.23,96.0,0,2
51.2,1,1,38.0,1,2,98584.48,298.0,0,2
241.69,0,2,70.0,0,4,45695.79,79.0,0,0
91.6,3,0,57.0,0,1,88875.33,49.0,0,0
139.91,1,1,62.0,1,1,69600.73,57.0,1,3
139.05,3,2,32.0,1,5,35197.36,179.0,0,2
263.31,1,2,37.0,0,3,88466.53,165.0,0,0
83.01,0,0,37.0,0,1,66828.24,71.0,0,0
48.33,3,3,62.0,0,3,70034.32,274.0,0,0
46.19,2,3,72.0,0,5,89690.79,128.0,0,0
115.24,0,1,22.0,0,2,45117.41,186.0,0,0
89.44,1,3,71.0,0,2,65861.96,186.0,0,0
87.01,1,3,71.0,0,4,74596.56,40.0,0,0
14.33,3,3,49.0,0,1,45667.04,216.0,0,0
190.2,3,2,23.0,1,2,8803.49,138.0,0,2
36.07,1,0,47.0,0,5,77258.26,182.0,0,0
32.9,0,2,43.0,1,3,5257.73,170.0,0,2
79.85,3,2,54.0,0,4,71932.48,50.0,0,0
38.77,2,0,30.0,0,2,91132.08,160.0,0,0
131.51,1,2,46.0,0,5,35023.42,240.0,0,0
69.65,2,1,22.0,0,5,10655.15,64.0,0,0
89.38,1,1,42.0,0,4,23669.97,9.0,0,0
115.56,2,2,30.0,1,1,56447.02,185.0,0,2
34.14,0,3,41.0,0,3,94294.64,149.0,0,0
25.4,1,2,48.0,1,5,51472.13,269.0,1,3
318.57,0,3,37.0,1,4,11717.36,227.0,0,1
85.3,3,2,72.0,0,2,62964.43,241.0,0,0
79.68,1,1,25.0,1,5,73418.07,17.0,0,2
5.44,0,3,26.0,0,2,39631.73,272.0,0,0
103.37,2,1,38.0,0,2,72290.65,270.0,1,3
121.17,0,2,68.0,0,3,32819.87,20.0,1,3
122.75,1,0,37.0,1,5,79014.47,96.0,0,2
184.15,0,3,32.0,0,1,34436.68,252.0,0,0
29.31,2,3,43.0,1,2,25982.66,23.0,1,3
43.6,2,2,71.0,0,4,87978.55,107.0,0,0
249.69,2,2,59.0,0,2,55073.11,99.0,0,0
441.1,3,3,28.0,1,4,28873.05,287.0,0,1
21.92,1,0,54.0,1,5,93541.15,217.0,0,2
103.27,2,2,58.0,1,2,69239.69,41.0,0,2
36.15,3,2,28.0,1,1,22459.69,65.0,0,2
9.29,2,2,44.0,1,1,61656.91,295.0,1,3
59.07,0,0,47.0,1,1,87100.7,248.0,1,3
23.27,1,3,36.0,0,1,69767.24,10.0,0,0
185.65,0,1,51.0,1,2,24853.54,169.0,0,2
114.45,3,2,55.0,0,2,65060.41,17.0,0,0
23.29,0,0,40.0,0,2,62106.36,29.0,0,0
1.39,0,3,70.0,0,4,82173.94,228.0,0,0
247.66,2,3,18.0,0,3,18224.19,127.0,0,0
29.07,0,0,20.0,0,1,70113.65,133.0,0,0
139.79,2,2,20.0,1,1,3223.38,126.0,0,2
61.63,2,1,45.0,0,5,69769.44,39.0,0,0
56.89,3,3,69.0,0,1,17851.63,186.0,0,0
13.64,3,1,47.0,1,5,31474.33,80.0,0,2
37.84,3,2,71.0,1,2,58495.72,108.0,0,2
31.25,2,1,22.0,1,3,73373.31,236.0,1,3
83.8,3,0,66.0,1,1,34764.95,47.0,0,2
161.07,2,2,32.0,0,4,66593.77,97.0,0,0
45.94,1,3,55.0,1,1,89978.24,148.0,0,2
1.82,3,3,31.0,0,1,72792.6,258.0,0,0
109.76,2,1,31.0,1,1,71246.76,82.0,0,2
139.62,3,0,74.0,1,2,38506.08,267.0,0,2
494.0,3,2,66.0,1,2,91187.22,74.0,0,1
133.55,1,0,25.0,1,2,28093.63,153.0,1,3
95.56,0,0,25.0,0,2,20925.4,296.0,0,0
127.79,3,1,36.0,1,1,36740.28,218.0,0,2
394.46,1,1,49.0,0,4,65190.54,151.0,0,1
264.37,3,2,48.0,0,1,86236.96,29.0,0,0
58.51,3,3,46.0,0,1,13641.84,113.0,0,0
40.62,3,2,58.0,0,5,81473.32,185.0,0,0
45.7,3,0,28.0,0,2,81375.93,255.0,0,0
105.3,0,1,62.0,0,1,58898.48,207.0,0,0
204.42,0,0,30.0,0,4,76184.47,174.0,0,0
104.94,3,1,44.0,1,1,18597.13,179.0,1,3
10.53,3,3,73.0,0,2,17373.81,174.0,0,0
192.88,1,0,36.0,1,2,86348.6,6.0,0,2
245.96,1,1,43.0,1,1,50065.77,138.0,0,2
51.27,2,2,70.0,0,4,24970.75,131.0,0,0
163.65,0,2,68.0,0,4,69028.67,50.0,1,3
83.42,3,2,54.0,1,1,89241.58,198.0,0,2
329.9,0,0,65.0,1,1,63416.1,213.0,0,1
279.87,1,1,26.0,0,1,35060.83,62.0,0,0
111.8,0,1,45.0,0,1,48582.16,82.0,0,0
176.41,0,1,49.0,1,1,75350.81,206.0,0,2
322.29,3,0,69.0,1,1,7216.37,293.0,1,3
102.69,3,1,71.0,0,5,22107.87,66.0,0,0
56.37,1,3,20.0,1,1,46527.03,272.0,0,2
210.16,3,0,68.0,1,3,60621.98,130.0,0,2
37.28,1,3,49.0,0,3,34246.98,53.0,1,3
73.78,1,3,22.0,1,4,30189.9,92.0,0,2
301.18,2,2,25.0,0,4,4617.73,265.0,0,0
193.33,2,0,31.0,0,1,3743.88,183.0,0,0
77.58,2,1,73.0,0,3,28230.14,73.0,0,0
36.26,0,3,20.0,1,2,53285.36,64.0,0,2
66.0,2,0,41.0,0,2,55858.96,253.0,0,0
50.13,3,1,30.0,1,1,49655.74,173.0,0,2
29.05,3,2,60.0,0,5,41283.13,273.0,0,0
204.0,2,0,46.0,0,1,25603.01,116.0,0,0
43.57,0,0,25.0,1,4,40369.1,104.0,0,2
90.82,1,0,68.0,1,1,14306.62,219.0,1,3
73.13,0,1,59.0,1,3,11968.29,117.0,0,2
603.25,0,3,48.0,0,1,30344.35,101.0,0,1
74.41,1,3,43.0,1,3,99537.21,122.0,0,2
12.5,1,0,35.0,0,4,32986.45,40.0,1,3
14.12,1,0,35.0,1,2,93677.41,294.0,0,2
134.02,3,1,74.0,0,1,39530.08,128.0,0,0
137.21,1,2,24.0,0,4,44181.49,44.0,0,0
81.39,1,0,65.0,0,4,79807.76,145.0,0,0
84.8,0,0,55.0,0,2,9817.01,30.0,0,0
8.32,0,2,65.0,1,5,18640.18,146.0,1,3
109.02,2,0,33.0,1,3,97397.11,61.0,1,3
105.4,0,3,72.0,0,2,50838.78,154.0,0,0
24.3,1,0,73.0,0,2,4908.81,209.0,0,0
16.45,3,3,50.0,1,4,5214.38,80.0,0,2
19.79,0,1,73.0,1,4,90770.45,289.0,1,3
15.98,0,1,68.0,1,1,87399.83,214.0,0,2
141.13,1,3,20.0,1,3,46110.71,262.0,0,2
32.81,0,3,55.0,1,5,16740.6,263.0,1,3
43.44,0,2,21.0,1,5,83113.32,188.0,0,2
28.6,1,3,53.0,0,1,32797.71,15.0,0,0
474.93,0,3,21.0,1,2,42196.31,164.0,0,1
289.26,3,0,59.0,1,1,68406.4,264.0,0,2
39.3,2,2,26.0,0,4,35663.14,92.0,0,0
59.53,0,3,57.0,1,3,63052.66,188.0,0,2
35.34,3,3,68.0,1,1,88585.63,20.0,1,3
2.97,2,0,34.0,0,3,38470.3,90.0,0,0
166.92,1,0,50.0,1,2,29149.69,203.0,0,2
111.09,2,0,37.0,0,1,28908.29,14.0,0,0
343.36,0,1,31.0,1,1,35184.82,168.0,0,1
26.94,2,0,39.0,0,1,49604.94,28.0,0,0
244.53,2,3,69.0,1,3,41951.45,68.0,0,2
235.5,1,0,44.0,1,2,13733.9,242.0,0,2
20.4,0,0,60.0,1,1,16763.86,242.0,0,2
76.26,2,2,20.0,0,1,34621.5,26.0,0,0
27.98,2,3,41.0,1,1,56425.38,184.0,0,2
44.1,1,0,47.0,1,2,59470.06,51.0,1,3
45.83,3,1,25.0,0,1,48877.6,283.0,0,0
121.87,0,2,39.0,0,3,74008.2,228.0,0,0
79.5,3,0,42.0,0,3,73856.25,222.0,0,0
442.71,3,2,27.0,1,1,43048.93,241.0,0,1
20.26,1,2,66.0,0,2,12881.86,208.0,0,0
545.68,1,1,46.0,1,2,53252.39,23.0,0,1
39.33,0,1,57.0,0,1,38456.17,184.0,0,0
222.34,3,1,71.0,0,5,14223.34,166.0,0,0
62.09,2,3,18.0,1,2,98190.81,289.0,0,2
23.16,3,2,69.0,1,1,37290.66,65.0,0,2
292.67,1,0,38.0,1,1,62766.89,89.0,0,2
55.41,2,1,56.0,1,5,49267.82,39.0,0,2
161.32,2,1,41.0,0,3,14711.41,9.0,0,0
125.36,1,2,26.0,0,2,6026.59,80.0,0,0
95.73,2,2,61.0,0,5,62764.06,257.0,0,0
102.72,3,2,71.0,1,1,25078.68,11.0,0,2
197.65,1,0,43.0,1,5,24743.57,173.0,0,2
13.78,0,3,26.0,0,1,95719.13,134.0,0,0
165.47,1,3,37.0,0,1,46446.44,142.0,0,0
339.23,0,1,73.0,1,5,3427.89,95.0,1,3
8.93,0,3,52.0,0,4,34314.35,167.0,0,0
22.74,1,0,53.0,0,2,58656.91,257.0,0,0
189.15,1,3,59.0,0,4,33192.46,205.0,0,0
86.25,0,0,53.0,1,2,3171.77,24.0,0,2
77.51,0,1,71.0,0,5,44708.97,233.0,1,3
22.1,2,2,26.0,1,5,11037.68,167.0,1,3
106.02,1,0,39.0,0,1,62106.42,169.0,0,0
20.29,1,2,18.0,1,1,62148.92,236.0,1,3
97.12,2,1,22.0,0,5,4257.03,242.0,1,3
216.34,1,0,26.0,0,1,29421.29,124.0,0,0
44.81,2,0,54.0,0,2,41661.78,111.0,1,3
98.32,2,3,55.0,1,5,55251.28,254.0,0,2
724.55,1,0,36.0,0,2,29958.31,288.0,0,1
174.07,3,1,25.0,0,2,29130.78,202.0,0,0
276.16,0,2,59.0,1,3,98310.01,224.0,0,2
80.38,1,0,60.0,1,1,4665.35,155.0,0,2
219.06,3,1,49.0,0,1,98910.02,290.0,0,0
6.2,2,1,30.0,0,4,5251.32,269.0,0,0
19.67,3,0,37.0,0,1,29189.97,224.0,0,0
280.37,3,0,61.0,1,1,13917.21,220.0,0,2
63.76,1,3,54.0,0,2,26003.11,118.0,0,0
185.33,3,0,27.0,1,5,38321.63,102.0,0,2
132.35,2,3,48.0,0,2,56816.49,161.0,0,0
66.3,3,2,42.0,1,2,70576.99,166.0,0,2
129.08,3,2,46.0,0,1,74351.07,46.0,0,0
62.84,3,3,41.0,1,1,68960.08,184.0,1,3
13.14,3,1,56.0,1,1,34024.36,55.0,0,2
20.4,2,1,58.0,0,4,28530.79,124.0,0,0
11.26,2,2,26.0,1,3,21424.38,79.0,0,2
316.21,3,0,59.0,0,2,14059.59,166.0,0,0
53.89,0,3,59.0,0,5,2937.42,153.0,0,0
157.6,0,2,19.0,1,5,93604.72,127.0,0,2
59.85,2,0,21.0,1,4,92142.92,145.0,0,2
74.5,0,2,25.0,1,3,5516.49,186.0,0,2
45.59,0,3,49.0,0,1,17721.91,281.0,1,3
63.02,0,3,31.0,0,3,14380.3,261.0,0,0
79.32,0,0,66.0,0,3,28481.68,249.0,1,3
191.17,0,3,30.0,1,1,20804.85,90.0,0,2
107.47,1,2,38.0,0,1,94612.43,75.0,0,0
431.2,2,0,41.0,1,1,8874.96,273.0,0,1
6.42,3,0,67.0,1,2,21561.25,184.0,0,2
104.9,0,2,35.0,1,5,8531.97,283.0,0,2
131.64,1,1,62.0,1,2,98048.34,153.0,0,2
379.23,3,0,57.0,1,1,91882.14,10.0,0,1
7.56,1,1,43.0,1,1,71804.84,152.0,0,2
127.82,0,2,49.0,1,2,42884.32,172.0,0,2
288.24,0,2,61.0,0,2,19422.72,13.0,0,0
41.55,0,0,74.0,1,1,22538.23,182.0,0,2
313.48,0,3,72.0,0,5,44582.48,288.0,0,0
2.88,3,0,73.0,0,4,76938.16,120.0,0,0
197.77,3,3,70.0,0,2,26840.58,100.0,0,0
405.71,1,1,50.0,0,3,31423.8,60.0,0,1
160.59,2,3,69.0,0,4,60194.46,211.0,0,0
86.71,0,0,48.0,1,1,24154.07,109.0,0,2
6.89,1,3,35.0,0,4,58629.75,39.0,0,0
379.07,1,2,52.0,0,5,39019.52,213.0,0,1
95.32,1,1,29.0,0,5,3919.64,285.0,0,0
4.41,0,2,68.0,1,5,40568.78,151.0,0,2
98.62,1,2,62.0,0,1,29664.63,85.0,0,0
19.92,0,2,48.0,0,3,32621.82,54.0,1,3
36.17,1,3,27.0,0,5,7061.12,91.0,0,0
10.0,3,2,64.0,1,1,61697.22,195.0,0,2
128.1,0,3,69.0,0,5,84999.62,5.0,0,0
145.94,3,2,51.0,1,2,35615.83,142.0,0,2
105.7,2,0,68.0,1,1,24404.43,140.0,0,2
254.82,0,2,20.0,0,4,95682.88,158.0,0,0
296.0,2,0,63.0,0,2,74634.73,166.0,0,0
143.42,1,3,56.0,1,3,56932.77,23.0,0,2
1.93,0,1,25.0,0,5,30900.35,247.0,0,0
178.23,0,3,49.0,0,3,22469.4,133.0,0,0
81.19,0,1,60.0,0,2,71716.53,180.0,0,0
125.05,2,1,46.0,1,5,52417.99,284.0,0,2
157.08,2,2,39.0,1,1,52299.68,88.0,0,2
64.67,1,1,37.0,0,1,7834.13,226.0,0,0
373.52,3,3,23.0,0,2,51463.35,149.0,0,1
21.58,3,2,60.0,1,4,82363.03,110.0,0,2
166.99,2,1,66.0,1,2,94706.53,15.0,0,2
0.66,0,3,46.0,1,4,11114.9,170.0,0,2
387.84,3,1,59.0,1,1,63300.94,200.0,0,1
17.9,3,1,73.0,1,1,57050.55,235.0,1,3
14.95,2,2,34.0,1,3,89086.09,151.0,0,2
60.75,1,2,48.0,1,3,75248.78,242.0,0,2
70.16,2,3,70.0,0,1,96543.56,17.0,0,0
36.18,2,2,51.0,1,2,96023.24,223.0,0,2
131.97,0,2,55.0,1,3,22955.67,261.0,1,3
87.76,2,0,74.0,0,2,72672.41,6.0,0,0
5.22,0,0,54.0,0,1,53287.05,214.0,0,0
57.77,1,3,21.0,0,4,21852.9,229.0,0,0
175.53,1,3,29.0,1,2,8567.89,200.0,0,2
193.58,1,0,52.0,0,3,79656.76,264.0,0,0
179.66,1,0,23.0,0,5,32788.23,61.0,0,0
55.87,2,0,73.0,0,4,85768.4,117.0,0,0
15.75,0,3,63.0,1,2,61027.38,217.0,0,2
47.71,3,2,25.0,0,1,67526.52,283.0,0,0
267.38,2,1,38.0,1,3,29521.54,248.0,0,2
590.38,1,2,70.0,1,2,46000.78,121.0,0,1
102.14,3,3,63.0,1,4,41525.6,91.0,1,3
1.46,2,0,52.0,1,2,23951.02,267.0,0,2
22.63,3,1,65.0,0,3,83334.96,117.0,0,0
58.31,1,3,32.0,0,1,62397.41,168.0,0,0
129.62,3,0,24.0,0,1,4224.48,8.0,0,0
11.71,3,3,32.0,1,4,82081.74,122.0,0,2
430.65,1,1,62.0,0,4,11050.76,27.0,0,1
68.14,3,0,23.0,1,2,40667.8,237.0,0,2
365.56,2,2,64.0,1,3,57340.06,94.0,0,1
227.48,3,3,34.0,1,1,1261.3,259.0,0,2
211.24,0,1,21.0,0,3,65464.36,96.0,0,0
139.98,2,2,39.0,1,1,66140.44,159.0,0,2
147.84,3,1,49.0,1,2,65426.37,119.0,0,2
152.42,0,3,39.0,0,1,16765.06,211.0,0,0
148.62,0,1,44.0,0,4,25945.37,85.0,0,0
121.02,0,0,63.0,0,1,25113.89,107.0,0,0
644.81,3,1,32.0,1,1,96026.66,84.0,0,1
197.68,1,3,61.0,1,2,7219.05,107.0,0,2
225.05,0,0,68.0,0,2,43161.77,244.0,0,0
308.9,1,1,39.0,1,2,87189.76,269.0,0,2
36.43,2,1,45.0,1,1,77061.87,37.0,0,2
13.13,1,0,59.0,0,1,82332.99,39.0,0,0
98.93,1,2,55.0,0,1,97243.21,253.0,1,3
108.26,1,2,74.0,0,2,39032.55,54.0,0,0
265.07,1,0,26.0,0,1,31310.7,284.0,0,0
87.99,1,1,51.0,0,1,3550.62,246.0,0,0
126.89,2,2,53.0,0,5,15426.93,156.0,0,0
112.32,2,0,26.0,0,5,56420.46,151.0,0,0
5.84,1,3,32.0,0,1,16187.23,43.0,0,0
264.08,0,3,37.0,1,1,4204.64,29.0,0,2
25.71,2,1,25.0,1,2,26319.06,248.0,0,2
135.33,3,2,45.0,1,3,69697.59,227.0,0,2
135.07,2,3,68.0,1,2,25922.53,234.0,0,2
26.9,3,3,36.0,1,1,73011.67,157.0,0,2
19.77,0,0,74.0,1,1,99588.46,292.0,1,3
587.19,1,2,33.0,1,3,79809.85,112.0,0,1
75.06,0,2,28.0,1,1,34512.63,37.0,0,2
38.7,1,1,59.0,1,2,90108.89,115.0,0,2
28.19,2,0,25.0,1,1,5592.38,125.0,1,3
165.21,1,0,50.0,0,1,72638.18,20.0,0,0
141.03,3,1,27.0,1,1,2820.57,231.0,0,2
154.74,3,3,35.0,0,2,17868.27,15.0,0,0
13.82,0,1,52.0,1,2,98764.78,207.0,1,3
335.99,2,1,60.0,0,4,36408.05,206.0,0,1
73.96,3,1,67.0,1,2,82139.69,102.0,0,2
56.39,0,0,20.0,0,4,37920.63,120.0,1,3
93.09,2,1,57.0,1,3,84082.83,285.0,0,2
74.16,2,1,44.0,0,1,96561.24,236.0,0,0
298.8,0,1,45.0,1,4,43835.86,115.0,0,1
397.31,3,2,63.0,0,2,56155.24,16.0,0,1
54.24,3,3,23.0,1,2,63049.63,25.0,0,2
299.19,0,3,64.0,0,1,93516.06,131.0,0,0
228.16,3,3,31.0,0,1,26046.04,289.0,0,0
400.63,0,3,24.0,0,4,61319.31,125.0,0,1
42.3,3,0,27.0,0,5,32809.66,128.0,0,0
48.14,0,1,48.0,0,1,8949.57,174.0,0,0
0.8,3,3,59.0,0,4,88267.51,67.0,0,0
124.8,0,2,71.0,1,1,35463.59,274.0,1,3
62.15,3,1,34.0,1,2,55490.52,220.0,0,2
58.44,1,1,68.0,1,3,64392.31,194.0,0,2
155.31,2,3,46.0,0,1,41757.69,79.0,0,0
286.06,2,3,66.0,0,1,90383.11,178.0,0,0
140.93,3,3,61.0,1,1,36594.14,71.0,0,2
287.78,2,0,32.0,1,5,12938.58,97.0,0,1
46.1,3,1,43.0,0,2,14830.03,57.0,0,0
109.94,0,3,29.0,0,1,89140.33,98.0,0,0
89.82,1,2,42.0,1,5,98806.8,117.0,0,2
1.76,2,1,58.0,0,2,29249.32,233.0,0,0
122.06,2,1,22.0,1,1,14788.47,254.0,0,2
162.5,0,0,21.0,0,1,48480.12,213.0,0,0
134.44,1,1,61.0,1,4,71098.04,186.0,0,2
199.93,1,3,65.0,1,2,61434.09,271.0,0,2
127.06,1,3,58.0,0,5,95135.26,285.0,1,3
18.57,2,1,48.0,0,3,86962.73,87.0,0,0
136.13,2,1,20.0,0,5,54395.88,190.0,0,0
48.23,1,0,70.0,0,5,33063.88,143.0,0,0
12.45,0,3,20.0,0,2,70322.73,59.0,0,0
84.21,0,2,43.0,0,3,44185.78,23.0,0,0
121.22,0,3,67.0,1,3,29131.55,271.0,0,2
59.79,1,1,34.0,0,1,15650.93,146.0,0,0
191.18,0,1,27.0,0,1,53023.48,168.0,0,0
154.83,1,2,19.0,1,4,59628.23,256.0,0,2
60.7,1,1,41.0,0,1,57094.18,236.0,0,0
156.92,3,2,41.0,0,5,57213.74,26.0,0,0
152.19,1,3,52.0,1,2,17257.2,130.0,0,2
120.92,0,2,40.0,0,4,66539.56,107.0,0,0
1.72,3,1,49.0,0,2,43223.71,225.0,1,3
178.86,2,0,40.0,0,2,84954.46,114.0,0,0
70.75,2,0,51.0,0,5,77937.44,62.0,0,0
428.68,0,1,58.0,0,5,72576.01,69.0,0,1
255.55,0,0,36.0,1,1,70223.34,62.0,0,2
132.9,0,0,19.0,1,1,56268.56,162.0,1,3
43.59,0,2,68.0,0,5,6580.8,80.0,0,0
34.17,3,0,19.0,1,2,65721.22,23.0,0,2
62.41,0,0,32.0,0,2,46958.76,194.0,0,0
97.1,1,0,73.0,0,2,47220.69,254.0,0,0
52.66,2,3,38.0,0,1,38212.71,83.0,1,3
108.52,0,1,52.0,1,2,92942.56,88.0,0,2
27.12,1,2,22.0,0,2,25320.4,176.0,0,0
570.56,0,0,60.0,1,5,32001.15,216.0,0,1
17.13,1,1,44.0,0,2,96322.56,153.0,0,0
403.11,3,0,41.0,0,3,81110.3,14.0,0,1
367.28,2,3,24.0,1,1,1901.6,34.0,1,3
111.78,2,3,23.0,0,2,90657.71,284.0,0,0
193.6,3,0,63.0,1,3,23051.41,59.0,0,2
85.92,1,0,50.0,0,2,70740.29,131.0,0,0
149.15,0,0,66.0,0,1,55530.77,184.0,0,0
62.46,1,3,34.0,0,5,53912.78,236.0,0,0
53.75,2,3,63.0,1,5,71933.17,97.0,0,2
129.49,3,1,59.0,0,1,21114.56,12.0,0,0
129.96,1,2,25.0,0,5,65365.3,200.0,0,0
50.67,1,3,57.0,0,1,29412.63,167.0,1,3
68.58,3,2,63.0,1,2,97408.05,44.0,0,2
13.14,2,0,24.0,0,1,45425.43,258.0,0,0
43.85,0,3,21.0,1,1,68738.61,276.0,0,2
11.57,1,3,18.0,1,1,30962.85,82.0,0,2
251.44,3,0,48.0,0,4,42570.92,259.0,0,0
5.95,3,1,42.0,1,4,96440.12,95.0,0,2
161.36,2,2,64.0,1,4,41437.34,197.0,0,2
47.73,1,3,50.0,0,2,35059.71,257.0,0,0
307.83,1,3,69.0,1,2,44728.64,282.0,0,1
99.54,1,2,52.0,1,2,1705.51,147.0,0,2
54.7,2,0,72.0,0,3,13743.6,248.0,0,0
109.36,1,1,22.0,1,3,85042.62,216.0,0,2
72.18,0,1,22.0,0,1,97814.42,199.0,0,0
124.62,1,1,53.0,1,4,16215.18,274.0,0,2
18.25,1,1,34.0,1,1,53784.02,23.0,0,2
870.9,1,0,70.0,0,1,96650.18,44.0,0,1
83.15,2,3,69.0,1,1,16079.85,102.0,1,3
64.21,0,3,31.0,0,1,19037.81,8.0,0,0
185.79,0,1,46.0,1,5,92718.23,37.0,0,2
67.86,3,1,25.0,1,1,70715.92,169.0,1,3
268.71,3,1,51.0,0,5,15620.69,31.0,0,0
90.84,0,2,57.0,0,4,39652.52,177.0,0,0
190.71,1,2,18.0,1,1,6098.86,117.0,1,3
17.05,1,3,46.0,1,5,43550.82,99.0,0,2
280.74,1,3,53.0,1,2,77901.2,237.0,1,3
199.61,2,1,68.0,0,4,55620.22,138.0,0,0
35.68,1,2,54.0,0,5,64920.49,128.0,0,0
23.55,2,0,46.0,1,2,33018.6,120.0,0,2
57.03,0,2,22.0,1,1,16558.89,17.0,1,3
559.9,1,3,70.0,1,1,1805.11,169.0,0,1
44.52,1,2,49.0,0,3,82220.58,212.0,0,0
91.36,3,3,69.0,1,2,63847.13,89.0,0,2
4.57,0,1,41.0,0,2,23317.46,252.0,0,0
75.93,1,0,36.0,0,5,42134.18,60.0,0,0
127.06,2,1,29.0,1,2,80243.61,176.0,1,3
459.04,0,1,69.0,0,1,54100.67,145.0,0,1
109.08,3,0,18.0,0,1,30365.91,136.0,0,0
256.48,0,0,24.0,1,1,27084.86,205.0,0,2
118.82,2,0,34.0,1,4,22152.6,293.0,0,2
6.25,3,3,51.0,1,5,82461.12,183.0,0,2
56.75,2,1,60.0,1,1,58395.1,33.0,0,2
128.54,0,3,24.0,1,1,71061.14,40.0,0,2
451.15,3,0,34.0,1,1,86081.98,113.0,0,1
293.99,2,3,20.0,1,5,98692.74,150.0,0,1
38.88,0,0,46.0,0,1,25323.62,280.0,0,0
37.29,2,2,39.0,1,2,18499.8,150.0,0,2
33.69,1,0,55.0,1,1,46468.84,172.0,0,2
383.62,0,1,71.0,1,5,3989.59,261.0,0,1
287.26,3,1,60.0,1,3,79275.93,279.0,0,2
223.67,3,1,46.0,1,1,88434.12,91.0,0,2
105.29,2,1,67.0,0,2,27165.5,289.0,1,3
93.64,2,0,71.0,1,1,12753.97,102.0,0,2
43.83,3,2,59.0,0,2,38523.35,215.0,0,0
105.49,2,1,22.0,1,3,83416.89,52.0,0,2
4.65,0,3,47.0,0,4,35108.87,278.0,0,0
21.2,0,2,40.0,0,1,3908.33,198.0,0,0
326.51,3,1,72.0,0,2,27790.9,256.0,1,3
208.96,0,1,38.0,1,4,98999.59,287.0,0,2
82.45,3,2,73.0,1,1,67828.54,266.0,0,2
109.21,2,1,43.0,1,1,90135.06,266.0,0,2
69.31,2,3,71.0,1,5,77599.09,35.0,1,3
202.51,2,0,64.0,1,3,54200.7,109.0,0,2
230.0,1,0,38.0,1,2,15294.54,173.0,0,2
216.13,3,2,37.0,0,5,35190.13,240.0,1,3
192.35,0,0,40.0,0,2,58582.15,278.0,0,0
34.32,2,1,21.0,0,2,87127.92,234.0,0,0
61.87,1,1,38.0,1,1,27233.17,27.0,0,2
95.19,0,3,38.0,1,1,12562.07,168.0,1,3
60.25,0,0,18.0,0,1,56103.82,285.0,1,3
210.94,0,2,32.0,1,2,18061.87,11.0,0,2
59.93,2,1,34.0,1,5,61231.0,214.0,0,2
22.32,0,2,68.0,1,1,26720.38,257.0,0,2
76.38,3,1,31.0,0,1,23480.82,137.0,0,0
586.16,1,1,36.0,0,4,40218.49,278.0,0,1
38.4,0,3,67.0,1,3,59522.58,110.0,0,2
142.07,0,0,51.0,0,1,54759.11,236.0,0,0
85.1,3,3,23.0,0,4,24851.08,37.0,0,0
11.05,0,0,62.0,1,2,89166.11,83.0,0,2
100.38,2,2,66.0,1,4,11433.26,39.0,1,3
181.68,2,0,23.0,0,5,4427.02,114.0,0,0
107.99,2,2,70.0,0,1,60469.27,67.0,0,0
308.48,0,1,71.0,1,2,12779.01,182.0,0,1
51.15,1,2,22.0,1,1,50736.64,236.0,0,2
13.53,1,2,24.0,1,1,95201.44,108.0,0,2
413.66,0,1,50.0,0,2,70008.74,298.0,0,1
71.27,1,2,30.0,0,1,61936.93,39.0,0,0
128.85,1,2,68.0,1,4,57693.12,198.0,0,2
235.53,0,1,71.0,1,1,18364.16,178.0,0,2
58.8,2,1,18.0,1,5,43548.46,106.0,1,3
188.9,0,1,30.0,1,1,34581.09,297.0,0,2
21.83,2,0,60.0,0,2,95330.9,89.0,0,0
23.45,1,1,24.0,1,2,47415.88,177.0,0,2
250.08,1,2,69.0,0,4,93838.9,33.0,0,0
37.78,2,3,20.0,1,1,79023.47,60.0,0,2
189.56,2,3,42.0,0,3,96469.27,20.0,0,0
430.49,1,0,50.0,0,2,61028.86,144.0,0,1
112.54,3,0,57.0,0,5,33711.79,70.0,0,0
116.49,2,3,34.0,1,1,82751.65,151.0,0,2
92.72,2,3,62.0,0,5,29499.9,162.0,0,0
59.15,2,1,31.0,1,1,16894.89,73.0,0,2
96.84,1,2,54.0,0,1,70775.74,27.0,0,0
138.5,0,1,73.0,0,2,64076.09,194.0,0,0
640.21,2,0,71.0,0,2,87955.42,252.0,0,1
416.52,2,3,40.0,1,2,96211.51,149.0,0,1
329.91,0,1,46.0,0,4,6472.17,199.0,0,0
94.62,0,0,55.0,1,5,66619.09,17.0,1,3
160.7,2,0,71.0,0,1,78580.88,170.0,0,0
338.16,2,2,44.0,0,4,98201.91,154.0,0,1
74.87,3,0,55.0,0,1,37778.8,49.0,0,0
489.59,0,1,70.0,0,2,17403.22,178.0,1,3
80.62,3,2,57.0,1,4,85366.84,171.0,0,2
137.85,2,0,62.0,0,5,32087.94,201.0,1,3
185.58,2,1,67.0,1,2,60021.09,210.0,1,3
451.15,2,3,40.0,0,1,39294.53,86.0,0,1
42.08,2,2,48.0,0,2,40531.46,72.0,0,0
205.64,1,0,53.0,0,4,73380.22,101.0,0,0
110.35,1,0,34.0,0,5,36466.77,171.0,0,0
46.91,1,2,54.0,0,1,69460.97,81.0,0,0
120.52,0,0,53.0,1,2,32802.42,200.0,0,2
162.25,2,1,72.0,0,5,32244.88,295.0,0,0
58.49,0,2,22.0,1,2,75009.11,140.0,0,2
98.46,1,0,63.0,1,2,31798.43,40.0,0,2
144.1,2,3,32.0,0,1,63516.05,252.0,0,0
77.86,2,3,69.0,0,5,69008.18,258.0,0,0
33.17,3,3,66.0,0,1,66013.34,218.0,0,0
489.11,0,2,23.0,0,3,60527.72,256.0,0,1
107.45,3,0,27.0,1,5,41654.88,74.0,0,2
198.59,1,2,71.0,1,2,37643.85,238.0,0,2
79.41,0,0,49.0,1,1,56676.11,20.0,0,2
65.81,1,3,40.0,1,1,6838.46,178.0,0,2
78.43,3,3,65.0,0,1,87644.07,191.0,1,3
78.94,3,1,34.0,0,2,82618.86,298.0,0,0
117.85,2,2,63.0,0,2,34965.28,229.0,0,0
117.62,0,2,37.0,0,5,56898.5,278.0,0,0
103.12,0,1,61.0,1,3,93256.66,16.0,0,2
21.72,2,3,58.0,1,2,27527.86,223.0,0,2
102.8,0,3,32.0,0,2,74374.3,5.0,1,3
27.79,1,2,61.0,1,2,8731.81,115.0,0,2
20.22,1,0,63.0,1,2,52575.53,281.0,0,2
404.67,3,3,39.0,0,3,88454.93,133.0,0,1
139.31,1,1,67.0,1,2,55395.07,97.0,0,2
161.6,0,1,69.0,0,1,61817.16,43.0,1,3
77.07,2,1,23.0,1,1,90810.11,163.0,0,2
359.5,3,2,21.0,1,4,71678.38,190.0,0,1
152.39,2,2,40.0,0,5,69739.03,260.0,1,3
219.91,3,2,61.0,0,5,58845.21,243.0,1,3
68.96,3,2,62.0,0,1,63482.37,108.0,1,3
482.88,2,1,36.0,1,1,80468.69,33.0,0,1
257.6,1,1,71.0,0,5,97933.69,93.0,0,0
288.57,1,2,62.0,1,1,79634.87,55.0,0,2
28.35,1,2,48.0,0,2,70899.91,151.0,0,0
47.4,1,1,61.0,1,3,13986.72,40.0,0,2
50.45,2,2,69.0,0,3,81799.5,288.0,0,0
47.39,0,2,20.0,0,2,73731.44,105.0,1,3
290.08,3,2,45.0,1,2,77158.0,111.0,0,1
4.86,2,2,20.0,1,3,23494.1,295.0,0,2
11.87,1,3,31.0,0,2,90392.65,109.0,0,0
33.45,2,1,44.0,0,4,25734.4,80.0,0,0
39.57,3,1,68.0,1,4,66470.83,231.0,0,2
239.88,2,1,27.0,1,4,67534.59,88.0,1,3
124.22,2,1,66.0,0,1,31675.79,80.0,0,0
0.87,0,2,32.0,0,2,70301.22,253.0,0,0
84.14,2,3,36.0,1,4,39099.09,259.0,0,2
78.61,0,0,26.0,1,1,517.46,54.0,0,2
169.12,2,0,32.0,1,4,88320.52,162.0,0,2
181.65,2,0,68.0,0,1,22658.05,237.0,0,0
191.42,1,1,65.0,0,2,11734.58,81.0,0,0
195.55,2,2,25.0,1,1,68378.96,227.0,0,2
0.01,1,2,66.0,0,5,44350.29,125.0,1,3
461.61,1,0,70.0,1,2,79760.8,111.0,0,1
252.47,1,0,18.0,1,2,86213.77,245.0,0,2
351.48,3,3,24.0,1,1,84675.89,32.0,0,1
2.37,0,3,70.0,0,2,31644.42,196.0,0,0
407.39,1,3,48.0,1,2,50801.82,253.0,0,1
248.94,2,1,35.0,0,5,65189.1,217.0,0,0
272.3,2,2,29.0,0,3,32537.32,25.0,0,0
14.69,1,1,65.0,1,4,4589.38,159.0,0,2
201.36,1,1,47.0,0,5,49818.61,31.0,1,3
482.52,2,2,50.0,1,2,1775.42,81.0,1,3
170.24,1,3,64.0,1,4,95089.24,61.0,0,2
126.79,0,2,24.0,0,5,79770.02,123.0,0,0
436.79,0,0,45.0,1,4,19604.97,169.0,0,1
87.76,3,3,66.0,0,3,29113.39,68.0,0,0
137.18,1,2,20.0,0,2,98292.44,52.0,0,0
97.04,3,1,60.0,0,2,37668.08,154.0,1,3
405.12,3,2,23.0,1,2,78480.37,162.0,1,3
11.87,3,3,48.0,0,3,44958.14,160.0,0,0
104.31,1,0,55.0,1,1,86477.54,155.0,0,2
174.21,3,1,32.0,1,3,70523.47,229.0,0,2
235.47,0,0,24.0,0,3,2779.55,264.0,0,0
131.21,3,0,60.0,0,3,29791.79,260.0,0,0
359.4,0,1,47.0,1,2,56020.24,65.0,0,1
427.07,0,2,44.0,0,5,92654.32,264.0,1,3
9.97,1,2,34.0,0,1,10651.97,166.0,0,0
77.22,3,0,72.0,0,3,60315.67,35.0,0,0
3.56,1,2,35.0,1,2,30566.58,75.0,0,2
59.94,0,3,39.0,0,1,88988.11,6.0,1,3
115.46,2,0,73.0,1,1,76634.38,54.0,0,2
362.52,3,0,70.0,1,3,37285.42,139.0,0,1
281.16,1,0,43.0,0,3,17126.76,150.0,0,0
20.46,2,3,68.0,0,1,1644.05,183.0,1,3
14.65,3,0,44.0,1,3,62302.88,268.0,0,2
133.47,3,2,57.0,1,2,40909.32,208.0,0,2
113.93,1,2,41.0,0,1,31818.27,191.0,0,0
46.46,2,2,69.0,1,3,98557.48,34.0,0,2
344.57,1,2,25.0,0,1,46881.14,63.0,1,3
393.35,3,0,38.0,1,3,75109.01,13.0,0,1
77.28,3,3,46.0,0,2,18152.54,171.0,0,0
331.5,0,1,60.0,1,2,1838.8,283.0,1,3
72.66,3,2,38.0,0,2,42047.48,195.0,0,0
200.24,3,1,20.0,0,1,66733.65,246.0,1,3
96.92,2,1,48.0,1,5,50906.57,282.0,0,2
19.62,2,0,72.0,0,2,89101.39,158.0,0,0
394.53,0,2,44.0,1,2,43680.95,164.0,0,1
90.8,0,2,63.0,1,1,31444.78,269.0,0,2
198.91,0,2,44.0,1,4,91646.84,239.0,1,3
68.63,1,1,26.0,1,4,40976.83,203.0,1,3
2.86,1,2,74.0,0,5,27329.96,37.0,0,0
15.89,0,2,50.0,1,1,10217.28,93.0,0,2
102.84,1,3,50.0,1,5,79434.32,99.0,0,2
175.66,3,0,43.0,1,4,82596.6,225.0,0,2
61.14,0,2,45.0,0,5,3813.13,73.0,1,3
178.36,0,2,61.0,1,3,36185.24,298.0,0,2
179.92,1,0,60.0,0,2,75112.71,241.0,1,3
182.58,2,0,48.0,0,5,94664.99,164.0,1,3
101.75,0,1,70.0,1,1,38092.92,280.0,0,2
369.56,1,1,18.0,0,1,87269.32,294.0,1,3
100.77,1,1,37.0,1,2,39675.18,46.0,1,3
89.75,2,0,29.0,0,3,18359.72,70.0,0,0
33.36,0,3,34.0,0,2,842.89,25.0,0,0
55.15,2,2,32.0,1,1,33353.01,74.0,0,2
6.49,3,0,51.0,0,4,38158.27,265.0,0,0
150.58,2,3,67.0,1,2,94539.19,250.0,0,2
42.86,2,0,33.0,0,2,21003.99,239.0,0,0
54.39,1,3,21.0,1,2,38531.96,276.0,0,2
220.98,2,0,25.0,1,3,3002.84,103.0,1,3
59.45,3,0,51.0,1,1,76472.2,39.0,0,2
41.6,1,3,63.0,1,2,91556.55,175.0,0,2
27.78,3,3,42.0,0,4,24163.15,114.0,0,0
223.65,2,3,32.0,1,2,43185.01,299.0,1,3
20.84,3,3,45.0,1,4,12650.21,14.0,1,3
90.7,3,3,26.0,1,5,45955.13,206.0,0,2
106.07,2,3,19.0,1,2,13767.58,261.0,1,3
174.42,2,3,34.0,0,3,52573.18,266.0,0,0
150.47,1,3,27.0,1,5,73594.89,185.0,0,2
249.68,1,0,26.0,0,4,55557.61,70.0,0,0
6.87,0,3,48.0,1,2,24899.35,298.0,1,3
52.74,1,3,19.0,1,4,35702.7,165.0,1,3
49.3,2,0,41.0,1,1,64037.99,71.0,0,2
51.2,3,1,34.0,1,3,14109.09,81.0,0,2
55.61,1,1,60.0,1,2,84572.47,39.0,0,2
110.69,1,3,66.0,0,3,47781.3,49.0,0,0
163.46,2,3,27.0,0,1,16655.74,154.0,0,0
71.97,3,1,67.0,1,2,12721.24,72.0,0,2
190.66,0,1,72.0,1,2,96572.4,258.0,0,2
61.46,0,2,45.0,1,5,28512.74,21.0,0,2
51.43,1,2,55.0,0,5,90905.06,265.0,0,0
116.87,0,3,65.0,1,4,41353.24,217.0,0,2
3.6,2,2,45.0,0,1,38899.18,260.0,1,3
12.47,0,1,67.0,0,2,70242.43,220.0,0,0
81.18,1,3,69.0,0,5,1483.39,290.0,0,0
429.48,2,0,67.0,0,1,34139.91,11.0,0,1
191.76,3,0,18.0,0,2,30613.25,203.0,0,0
280.93,1,2,32.0,0,3,53147.79,151.0,1,3
197.68,1,0,69.0,0,4,36774.73,154.0,0,0
141.61,0,2,27.0,1,1,26974.89,56.0,0,2
257.46,0,0,38.0,1,2,59255.73,247.0,0,2
77.65,3,2,54.0,0,1,15591.48,223.0,1,3
37.56,3,0,32.0,1,1,24997.37,10.0,0,2
107.62,1,0,40.0,1,1,29714.41,113.0,1,3
119.39,1,3,31.0,1,2,60986.94,70.0,0,2
115.93,1,3,32.0,0,2,37638.87,14.0,0,0
124.89,3,1,27.0,0,1,50825.44,206.0,0,0
445.52,1,0,73.0,1,4,65218.61,286.0,0,1
348.79,3,2,26.0,1,4,95649.02,218.0,0,1
242.48,2,2,56.0,0,2,40823.05,251.0,0,0
430.84,2,2,22.0,1,5,74953.4,54.0,0,1
15.55,1,0,42.0,0,5,94994.57,21.0,0,0
46.21,2,2,73.0,0,3,50188.36,15.0,0,0
102.5,3,1,59.0,1,1,41344.44,128.0,1,3
281.14,0,3,74.0,1,2,8262.86,229.0,0,2
105.53,2,2,43.0,0,1,89290.85,248.0,0,0
206.77,0,0,25.0,0,1,25020.21,33.0,1,3
22.44,2,3,39.0,0,2,6863.81,289.0,1,3
43.64,3,1,69.0,1,2,53951.75,63.0,0,2
197.39,2,2,42.0,1,2,84667.01,147.0,0,2
27.0,2,2,65.0,1,2,40960.19,230.0,1,3
64.93,1,3,29.0,1,3,78415.21,168.0,0,2
46.16,0,2,26.0,0,1,83721.4,88.0,0,0
64.59,0,0,27.0,1,4,45713.15,121.0,0,2
68.79,3,3,27.0,0,4,53624.27,298.0,1,3
121.54,0,2,26.0,1,3,93949.99,149.0,0,2
15.79,1,1,43.0,0,2,72687.82,31.0,0,0
245.23,1,1,52.0,1,3,92571.61,21.0,0,2
69.28,0,1,44.0,0,4,22390.99,67.0,0,0
156.85,2,1,48.0,0,3,31368.57,271.0,0,0
193.86,0,3,36.0,0,1,7555.89,68.0,0,0
35.29,2,3,60.0,1,2,50240.84,43.0,0,2
324.0,0,2,55.0,0,1,87455.41,134.0,0,0
143.65,2,1,23.0,1,4,33021.25,119.0,0,2
83.98,1,1,32.0,1,2,13264.07,49.0,0,2
30.2,0,2,46.0,1,1,7310.4,220.0,0,2
427.88,3,2,64.0,1,5,45026.28,92.0,0,1
211.02,2,2,62.0,1,1,16820.16,181.0,0,2
34.98,1,0,71.0,1,2,34937.35,269.0,1,3
61.81,3,2,22.0,0,5,82087.99,109.0,0,0
248.85,1,2,31.0,0,4,38712.71,175.0,1,3
178.45,2,0,70.0,1,5,61182.16,112.0,0,2
217.73,0,1,19.0,1,1,50464.93,165.0,0,2
87.29,1,3,40.0,1,1,71994.06,287.0,0,2
73.28,0,3,69.0,1,1,92083.88,30.0,0,2
35.6,1,3,63.0,0,5,64541.46,87.0,0,0
559.54,1,2,41.0,1,1,12763.74,177.0,0,1
55.79,0,0,37.0,1,1,15397.69,286.0,1,3
92.7,3,1,64.0,0,3,78374.96,74.0,0,0
168.13,2,1,44.0,1,1,59016.95,10.0,0,2
116.97,3,3,69.0,1,3,38385.45,288.0,0,2
278.14,0,2,41.0,1,2,33623.63,199.0,1,3
215.16,1,2,34.0,0,1,85647.92,17.0,0,0
9.01,1,1,42.0,0,3,87538.87,67.0,1,3
967.67,2,0,63.0,1,1,58335.57,17.0,0,1
209.39,2,2,72.0,0,1,52692.13,253.0,0,0
299.16,3,0,48.0,0,2,81736.58,209.0,0,0
290.99,2,1,67.0,0,3,40332.36,44.0,0,0
17.88,0,0,45.0,0,1,8732.5,169.0,0,0
64.1,3,2,39.0,0,5,76965.76,35.0,0,0
313.63,1,1,73.0,0,4,17285.75,21.0,0,0
33.78,1,3,22.0,0,2,2129.5,141.0,0,0
12.22,0,1,71.0,0,3,84408.62,169.0,0,0
232.76,2,2,61.0,1,2,58036.26,285.0,1,3
26.63,1,1,25.0,1,2,48716.51,126.0,0,2
288.98,2,2,55.0,0,2,92684.87,82.0,0,0
174.12,3,2,45.0,1,2,35720.19,92.0,1,3
110.12,0,1,74.0,0,3,72589.94,117.0,0,0
266.01,1,2,64.0,0,1,30448.16,104.0,0,0
81.52,0,0,29.0,1,4,615.78,243.0,1,3
32.35,0,3,74.0,0,3,38284.58,115.0,0,0
50.29,0,0,42.0,1,5,73907.67,94.0,0,2
105.53,3,1,55.0,0,1,15427.41,143.0,0,0
113.68,0,0,61.0,1,1,50727.8,139.0,0,2
245.66,3,1,32.0,1,1,21625.99,16.0,0,2
235.07,3,1,61.0,1,3,7925.1,248.0,1,3
130.61,0,2,58.0,1,1,61936.47,186.0,0,2
227.66,0,2,68.0,0,1,95220.78,199.0,1,3
31.94,2,1,70.0,1,2,31415.07,126.0,0,2
7.7,1,3,51.0,0,1,58274.26,57.0,0,0
310.29,2,3,62.0,1,1,95383.54,177.0,0,1
11.78,1,3,30.0,1,1,65223.09,183.0,0,2
42.49,1,0,25.0,1,1,67474.77,297.0,0,2
178.27,2,1,30.0,0,2,18303.39,63.0,0,0
79.0,2,2,53.0,1,1,49514.66,58.0,0,2
313.5,1,0,23.0,1,3,37024.73,261.0,0,1
53.07,1,0,55.0,0,2,47360.21,249.0,0,0
1.79,1,2,49.0,1,4,80182.24,153.0,0,2
53.64,3,1,38.0,0,2,46339.55,288.0,1,3
129.44,1,0,61.0,1,5,6753.64,20.0,0,2
70.73,0,1,61.0,1,1,90601.4,180.0,0,2
114.82,0,1,66.0,1,5,54709.18,32.0,0,2
313.85,0,1,24.0,0,1,92487.19,133.0,0,0
365.39,2,2,43.0,1,1,57449.27,227.0,0,1
46.38,2,1,32.0,1,1,7428.81,248.0,0,2
93.02,2,0,73.0,1,1,55510.5,242.0,0,2
119.49,1,2,66.0,0,4,57786.02,236.0,0,0
446.72,0,2,59.0,0,1,21826.82,96.0,0,1
987.56,1,0,40.0,0,1,47367.39,7.0,0,1
40.26,3,2,69.0,0,3,46214.43,85.0,0,0
194.73,3,0,55.0,0,4,62476.18,48.0,0,0
71.23,2,3,58.0,0,5,26331.6,159.0,1,3
1.22,3,0,32.0,1,2,58383.97,28.0,0,2
1.39,0,2,65.0,1,4,24474.73,103.0,0,2
92.59,3,0,70.0,1,1,44921.3,175.0,0,2
100.51,2,3,57.0,1,1,12709.22,152.0,0,2
3.42,1,1,33.0,1,1,4211.4,127.0,0,2
174.2,3,1,49.0,0,1,32398.44,116.0,0,0
52.22,0,1,54.0,0,3,27819.89,134.0,1,3
123.11,0,2,35.0,0,2,40990.12,72.0,0,0
53.7,0,3,37.0,1,5,96217.27,221.0,0,2
27.43,1,0,63.0,0,1,52461.81,100.0,0,0
78.43,0,0,19.0,1,4,55541.08,149.0,0,2
39.65,2,0,72.0,0,1,94189.3,37.0,0,0
114.79,2,0,40.0,1,3,92154.14,290.0,1,3
33.25,0,2,47.0,0,2,88469.14,9.0,0,0
106.52,3,2,20.0,1,5,10250.48,122.0,1,3
25.69,0,3,63.0,0,1,63612.59,144.0,0,0
166.74,2,0,56.0,1,1,80905.85,234.0,0,2
210.33,2,1,64.0,0,2,83639.68,164.0,1,3
94.61,3,3,18.0,1,2,2240.81,253.0,1,3
11.03,3,3,58.0,1,2,97384.43,277.0,0,2
136.76,3,2,39.0,1,1,47483.57,190.0,0,2
46.06,2,1,46.0,0,1,39662.79,44.0,0,0
112.5,1,1,31.0,0,1,39797.4,228.0,0,0
109.3,0,0,65.0,0,2,42703.01,156.0,0,0
387.25,0,2,45.0,1,1,24596.98,144.0,0,1
119.47,2,1,38.0,0,4,33069.7,132.0,1,3
131.2,3,2,62.0,1,1,98543.08,151.0,0,2
77.04,1,3,49.0,0,1,37132.72,289.0,0,0
446.62,1,3,23.0,1,3,52909.14,222.0,0,1
225.21,3,3,71.0,0,5,84905.28,224.0,0,0
50.41,0,2,18.0,1,1,52979.07,149.0,0,2
278.89,0,0,38.0,1,5,32783.12,281.0,0,2
84.95,1,0,74.0,0,4,52613.22,246.0,0,0
264.62,1,1,21.0,0,1,11851.59,64.0,0,0
259.65,3,2,20.0,0,1,13435.69,102.0,0,0
31.4,0,0,66.0,1,1,69563.7,185.0,0,2
181.17,1,2,47.0,1,1,91787.34,118.0,0,2
51.51,0,0,48.0,1,1,72704.97,107.0,0,2
52.96,1,3,51.0,0,4,7924.02,61.0,0,0
193.96,0,1,37.0,0,1,754.08,133.0,1,3
39.17,1,3,40.0,1,1,51365.07,90.0,0,2
0.14,1,0,71.0,0,1,19723.85,204.0,0,0
188.41,1,1,57.0,1,2,86880.59,75.0,0,2
28.16,1,1,42.0,1,1,10881.34,102.0,0,2
16.55,3,3,32.0,0,3,642.62,180.0,0,0
71.68,0,3,40.0,1,2,15965.61,79.0,0,2
96.91,2,3,69.0,0,1,73929.65,147.0,0,0
528.88,2,3,74.0,0,1,4672.83,185.0,1,3
188.85,1,0,74.0,0,1,39860.42,49.0,1,3
58.56,3,1,32.0,1,4,99683.09,96.0,0,2
89.28,1,2,61.0,1,1,95342.17,38.0,0,2
147.62,2,0,52.0,0,4,16826.29,170.0,0,0
23.74,1,2,27.0,1,3,22526.17,74.0,0,2
31.41,3,0,31.0,0,4,15903.72,200.0,0,0
294.31,3,2,44.0,1,2,30585.72,137.0,0,1
44.41,0,3,71.0,1,1,72576.21,251.0,1,3
71.75,2,0,31.0,0,2,16912.19,172.0,0,0
307.51,0,1,52.0,1,2,52661.29,281.0,0,2
163.22,3,1,50.0,1,1,27286.39,160.0,0,2
62.72,3,2,69.0,1,3,83004.98,27.0,0,2
172.66,0,2,18.0,1,1,1155.94,204.0,0,2
199.57,3,0,36.0,0,5,60721.46,54.0,0,0
100.13,0,1,41.0,1,1,10122.69,190.0,0,2
251.64,0,3,59.0,0,2,46898.07,24.0,0,0
463.96,2,0,21.0,1,1,43902.63,120.0,0,1
390.13,3,2,53.0,1,5,85326.04,96.0,0,1
359.97,1,1,30.0,0,1,62727.02,57.0,1,3
107.67,2,2,49.0,1,4,64150.36,127.0,0,2
66.98,1,3,26.0,1,5,95204.86,269.0,0,2
93.83,0,3,56.0,0,1,98244.86,8.0,0,0
175.63,0,1,33.0,0,1,65512.78,173.0,1,3
323.12,1,0,67.0,1,1,52439.14,285.0,0,1
34.79,0,3,20.0,0,1,60988.05,294.0,0,0
253.26,2,3,37.0,0,1,98751.93,141.0,0,0
578.46,1,3,27.0,0,4,70649.62,260.0,0,1
318.35,2,2,73.0,1,5,29455.18,145.0,0,1
49.26,1,2,39.0,1,2,6247.75,212.0,0,2
16.8,2,0,65.0,0,2,4949.83,264.0,0,0
17.86,3,1,20.0,1,2,20888.84,267.0,0,2
51.63,3,1,28.0,0,1,23674.85,275.0,0,0
142.86,1,1,42.0,1,5,41797.03,42.0,0,2
244.69,3,3,59.0,1,1,21877.18,207.0,0,2
344.27,2,2,65.0,0,5,63275.59,228.0,0,1
146.63,1,2,25.0,0,2,21519.85,56.0,0,0
0.85,3,0,26.0,1,1,19193.72,85.0,1,3
30.93,3,1,32.0,1,1,47388.08,215.0,0,2
15.76,1,2,49.0,1,1,88922.53,11.0,0,2
104.38,3,1,20.0,1,1,41677.95,281.0,0,2
6.66,1,3,21.0,0,1,58020.44,263.0,0,0
64.27,3,2,47.0,0,4,26092.76,146.0,0,0
29.62,3,2,30.0,0,2,35666.94,262.0,0,0
156.22,3,1,61.0,1,2,21776.61,289.0,0,2
93.62,3,3,38.0,0,4,57395.09,41.0,0,0
102.57,0,3,58.0,1,2,69890.06,49.0,0,2
83.71,1,2,74.0,0,5,67533.01,124.0,0,0
468.6,0,1,63.0,1,2,25854.37,50.0,0,1
36.26,0,0,36.0,1,5,78075.0,144.0,0,2
109.06,2,2,56.0,0,3,25967.39,57.0,1,3
199.78,0,3,65.0,0,4,15456.0,292.0,0,0
122.08,0,0,39.0,1,1,35305.97,278.0,0,2
396.81,2,1,37.0,1,3,59975.54,273.0,0,1
71.21,3,3,54.0,0,4,14629.18,283.0,0,0
93.45,3,0,48.0,0,2,64984.67,66.0,0,0
13.9,0,2,27.0,1,1,86375.27,58.0,0,2
140.86,2,3,35.0,1,5,29667.48,73.0,0,2
51.0,3,1,60.0,0,1,45295.56,246.0,1,3
26.21,2,3,56.0,1,5,23216.89,274.0,0,2
117.96,1,2,63.0,0,1,36445.54,256.0,0,0
113.99,1,1,37.0,0,2,2686.07,288.0,0,0
11.84,1,2,35.0,0,1,95400.05,75.0,0,0
179.71,1,0,28.0,0,4,41881.08,104.0,0,0
146.63,0,3,39.0,1,1,78992.58,65.0,0,2
31.43,1,2,61.0,0,3,14693.02,107.0,0,0
95.07,1,0,35.0,0,5,81329.33,123.0,0,0
191.12,2,1,51.0,1,5,86084.66,21.0,0,2
113.07,3,1,40.0,1,2,71689.97,195.0,0,2
75.5,2,0,18.0,0,5,90369.23,216.0,0,0
58.37,0,0,72.0,0,3,17136.11,82.0,0,0
141.39,1,1,27.0,0,2,47909.94,50.0,0,0
419.8,3,2,70.0,0,3,62200.9,97.0,0,1
167.09,3,0,18.0,0,1,59821.2,17.0,0,0
11.65,1,2,55.0,0,2,86173.57,232.0,0,0
92.62,1,1,56.0,1,5,21961.29,21.0,0,2
332.22,0,2,66.0,1,2,17976.56,66.0,0,1
14.88,0,2,26.0,0,3,25711.17,47.0,1,3
674.79,1,0,48.0,1,1,89209.23,72.0,0,1
446.59,1,2,24.0,1,1,94132.19,216.0,0,1
12.23,1,2,34.0,0,4,57178.2,207.0,0,0
406.39,1,2,52.0,1,5,50386.51,218.0,0,1
67.68,3,1,65.0,1,1,60735.87,113.0,0,2
279.37,0,1,54.0,0,5,61822.61,288.0,1,3
81.29,1,3,69.0,0,4,17445.32,98.0,0,0
87.2,1,1,35.0,0,1,68797.88,229.0,1,3
150.87,3,1,50.0,1,3,45508.93,229.0,0,2
223.4,2,3,21.0,0,3,51979.5,243.0,0,0
5.16,1,3,40.0,1,1,3516.5,122.0,0,2
134.9,3,0,28.0,0,3,76573.38,95.0,0,0
31.0,3,0,69.0,0,2,83625.08,293.0,0,0
63.69,2,1,26.0,0,2,62132.44,285.0,0,0
64.15,0,2,47.0,0,5,74998.0,23.0,0,0
94.97,0,0,25.0,1,4,52509.25,179.0,0,2
61.0,0,0,57.0,1,1,62026.16,110.0,0,2
17.04,1,1,22.0,0,5,39759.88,293.0,0,0
23.61,0,2,29.0,1,2,79291.49,252.0,0,2
5.1,1,3,18.0,0,5,47092.96,146.0,0,0
95.3,1,3,32.0,0,2,68181.18,197.0,0,0
463.33,3,1,42.0,1,5,62332.22,295.0,0,1
18.44,0,1,35.0,1,4,70380.29,212.0,0,2
438.55,0,2,55.0,0,5,78628.98,252.0,0,1
198.28,0,1,59.0,0,3,51514.99,146.0,0,0
152.21,1,1,63.0,0,1,81400.06,226.0,1,3
155.46,1,1,70.0,1,4,49977.1,229.0,0,2
262.93,0,2,43.0,0,4,95685.12,188.0,0,0
16.96,1,1,57.0,0,2,75390.84,192.0,0,0
105.41,1,0,20.0,0,1,17528.59,117.0,0,0
179.15,2,2,71.0,0,1,83043.65,185.0,0,0
132.58,2,0,39.0,0,1,55382.97,203.0,1,3
268.27,0,2,43.0,0,4,98453.87,74.0,1,3
11.25,0,0,36.0,1,2,72022.49,90.0,0,2
176.02,2,2,61.0,0,1,8896.88,43.0,0,0
114.54,1,3,61.0,0,1,39798.56,135.0,0,0
71.5,1,1,64.0,1,2,51968.9,14.0,1,3
62.39,3,1,56.0,1,1,83981.85,7.0,0,2
145.47,0,2,53.0,0,5,73069.88,154.0,0,0
332.45,0,0,38.0,1,2,37251.33,71.0,0,1
102.83,0,3,58.0,0,4,65516.55,197.0,1,3
261.21,3,0,71.0,1,2,57902.64,101.0,1,3
16.2,1,1,43.0,0,3,23868.44,102.0,0,0
9.52,2,0,30.0,1,1,34441.67,61.0,0,2
7.9,2,2,53.0,0,3,19950.6,111.0,0,0
71.74,2,2,41.0,1,3,15438.32,92.0,0,2
61.7,1,0,58.0,0,1,6290.68,145.0,0,0
189.84,2,1,43.0,1,1,87373.71,148.0,0,2
7.83,3,1,35.0,0,2,29386.9,216.0,0,0
37.49,0,0,32.0,0,3,21019.7,45.0,0,0
48.08,2,2,32.0,0,1,47802.04,95.0,0,0
118.98,3,3,23.0,1,3,51667.08,43.0,0,2
23.41,0,1,60.0,0,2,21224.0,17.0,0,0
21.57,2,3,48.0,1,2,61052.75,100.0,0,2
431.8,2,2,45.0,1,3,72438.5,113.0,0,1
29.89,0,2,46.0,0,2,58752.44,235.0,0,0
78.27,0,3,38.0,1,1,50479.04,47.0,0,2
65.92,3,2,34.0,1,1,19957.07,213.0,0,2
234.82,3,2,73.0,1,2,73136.09,92.0,0,2
107.07,3,0,74.0,0,1,80244.58,97.0,0,0
20.52,2,3,66.0,0,3,65054.92,178.0,0,0
201.48,3,3,41.0,1,2,32727.65,130.0,0,2
75.85,3,3,67.0,1,2,92715.85,113.0,0,2
45.76,1,1,53.0,1,1,45808.16,51.0,1,3
70.62,3,2,48.0,0,3,26954.91,218.0,1,3
103.3,3,3,64.0,1,1,41119.34,96.0,1,3
41.54,0,0,19.0,1,1,84670.21,45.0,0,2
76.25,2,0,59.0,1,3,35979.26,263.0,0,2
2.9,1,1,20.0,0,3,23646.13,125.0,0,0
222.09,3,1,47.0,1,5,62836.07,81.0,0,2
28.12,3,0,25.0,0,4,92160.9,99.0,0,0
6.73,3,3,69.0,0,1,18737.69,273.0,0,0
159.07,3,0,24.0,1,2,80400.43,22.0,1,3
223.04,3,2,29.0,0,1,47922.41,297.0,0,0
252.16,3,1,36.0,1,1,80051.49,175.0,1,3
102.04,1,1,43.0,1,1,50801.34,166.0,0,2
34.48,3,0,45.0,1,4,38044.11,56.0,0,2
200.47,3,3,32.0,1,4,69825.73,40.0,1,3
180.45,3,3,31.0,1,1,90112.42,191.0,0,2
42.41,1,2,65.0,0,5,32365.05,252.0,0,0
350.59,3,1,31.0,0,5,46344.44,56.0,0,1
16.53,1,0,20.0,1,4,23325.36,23.0,1,3
608.46,2,0,67.0,0,1,18749.24,96.0,0,1
295.18,3,1,46.0,1,5,77900.07,143.0,0,1
174.66,0,0,71.0,0,3,20466.08,224.0,0,0
418.92,1,1,23.0,0,3,79435.16,103.0,0,1
192.19,2,3,66.0,1,1,43207.1,240.0,0,2
31.69,1,3,40.0,0,5,99507.35,211.0,1,3
87.55,1,0,45.0,0,1,20135.47,148.0,0,0
11.13,2,3,31.0,0,1,9751.31,203.0,1,3
74.06,3,3,31.0,1,4,8005.59,291.0,0,2
202.99,3,2,37.0,0,2,83624.09,268.0,0,0
73.27,1,1,30.0,0,3,44058.74,221.0,1,3
135.71,3,0,52.0,0,4,87539.75,48.0,0,0
308.6,1,1,62.0,0,5,87753.64,295.0,1,3
7.31,0,2,73.0,0,1,80738.46,193.0,0,0
73.03,2,0,19.0,0,1,25207.69,198.0,0,0
25.84,0,0,58.0,0,3,37588.9,274.0,0,0
178.29,0,1,62.0,0,1,74620.16,264.0,0,0
16.76,1,3,57.0,1,1,49190.64,243.0,1,3
163.96,2,3,65.0,0,1,15805.74,116.0,0,0
50.57,3,3,41.0,0,2,24658.43,73.0,0,0
33.27,3,3,46.0,0,2,97272.66,53.0,0,0
413.16,1,2,20.0,0,4,15525.81,155.0,0,1
2.8,3,0,62.0,0,1,72745.04,243.0,0,0
3.28,0,2,67.0,1,1,74985.87,79.0,0,2
99.13,0,0,19.0,1,5,66280.77,102.0,0,2
104.29,2,1,37.0,1,1,44197.14,115.0,0,2
58.22,0,1,71.0,0,5,35714.13,289.0,0,0
21.26,3,2,70.0,0,5,75558.75,260.0,0,0
70.83,2,0,32.0,0,1,32652.55,121.0,0,0
167.33,2,3,66.0,1,2,78883.26,180.0,1,3
228.76,1,0,49.0,1,2,68144.39,232.0,0,2
113.49,0,3,59.0,1,3,57978.08,110.0,0,2
133.68,2,2,18.0,1,4,37195.69,243.0,0,2
33.59,3,3,55.0,0,1,20905.6,104.0,0,0
50.81,2,2,52.0,0,1,71186.77,180.0,0,0
26.49,2,0,68.0,1,4,9589.25,253.0,0,2
43.01,1,0,24.0,0,2,97068.95,80.0,0,0
38.21,3,3,62.0,1,3,97885.42,7.0,0,2
109.92,3,0,30.0,1,1,13457.15,85.0,0,2
124.07,0,3,66.0,1,4,10841.56,292.0,0,2
434.92,3,0,18.0,1,1,41565.31,12.0,0,1
32.64,2,1,31.0,0,1,96386.49,91.0,0,0
153.95,3,3,46.0,0,2,40330.93,290.0,1,3
254.95,3,2,20.0,1,1,36698.31,78.0,0,2
123.23,2,1,63.0,1,1,70506.71,127.0,0,2
44.16,1,2,41.0,0,2,18283.76,298.0,0,0
45.68,0,0,18.0,0,1,36650.69,147.0,0,0
6.01,0,1,65.0,1,4,29485.09,162.0,0,2
54.67,1,0,27.0,1,3,60352.69,113.0,1,3
204.74,2,3,30.0,1,1,16693.91,199.0,0,2
7.3,0,2,53.0,1,1,55095.77,40.0,0,2
37.13,1,0,26.0,1,1,85825.89,94.0,0,2
183.74,1,2,31.0,0,4,51659.97,205.0,0,0
228.94,1,2,53.0,0,2,68507.91,50.0,0,0
91.13,0,0,27.0,1,2,7987.18,111.0,1,3
179.64,0,3,57.0,1,3,45176.06,174.0,0,2
73.64,0,2,40.0,1,2,9941.87,150.0,0,2
26.14,0,0,52.0,1,4,60146.44,182.0,0,2
76.16,3,3,72.0,0,3,28464.91,65.0,0,0
130.11,1,0,24.0,0,5,29082.95,7.0,0,0
443.63,3,3,59.0,1,3,8138.29,86.0,0,1
10.68,1,2,52.0,0,2,31368.67,267.0,0,0
106.21,0,1,19.0,1,5,50914.38,291.0,0,2
59.83,0,0,32.0,1,1,58673.68,99.0,0,2
106.49,3,2,26.0,0,2,7133.22,68.0,0,0
3.64,2,0,64.0,1,1,65320.19,250.0,0,2
257.11,2,3,56.0,1,2,53922.35,263.0,0,2
121.1,1,0,69.0,1,1,83363.27,97.0,0,2
89.83,3,3,35.0,1,2,34551.53,295.0,1,3
50.43,2,2,32.0,1,1,17818.09,275.0,0,2
53.08,2,0,35.0,0,2,55405.11,25.0,0,0
72.46,0,2,41.0,1,1,94529.68,66.0,0,2
270.79,2,1,40.0,0,1,52028.03,264.0,0,0
512.66,2,2,29.0,0,1,83275.26,241.0,0,1
86.61,1,0,40.0,1,3,75824.69,145.0,0,2
74.97,3,1,38.0,0,1,52073.91,171.0,0,0
281.16,0,3,43.0,1,1,64931.7,71.0,0,2
83.51,0,1,25.0,0,4,40964.68,62.0,0,0
120.45,2,0,47.0,0,2,53297.55,216.0,0,0
39.39,1,0,51.0,1,2,50974.93,134.0,0,2
113.89,2,3,22.0,0,4,41293.14,15.0,0,0
248.35,0,0,48.0,1,4,10426.83,261.0,0,2
227.62,2,0,50.0,1,5,78976.6,85.0,0,2
36.31,2,3,71.0,0,4,68642.87,290.0,0,0
188.62,1,3,21.0,0,1,95037.28,23.0,1,3
241.46,0,2,23.0,1,4,43157.26,114.0,0,2
63.72,3,1,40.0,0,1,8281.46,38.0,0,0
28.42,1,3,62.0,1,5,12601.09,292.0,1,3
0.4,1,0,36.0,1,1,77445.29,259.0,0,2
89.92,1,3,60.0,0,5,7241.85,130.0,0,0
65.18,0,0,62.0,1,2,90828.7,213.0,1,3
121.42,2,2,25.0,0,4,28524.19,138.0,0,0
31.25,3,1,56.0,1,4,89938.46,90.0,0,2
294.56,0,2,30.0,1,2,77463.93,79.0,0,2
44.71,2,3,18.0,1,5,87184.5,139.0,0,2
38.51,1,0,23.0,0,5,21796.95,177.0,0,0
98.3,0,3,24.0,0,1,59771.5,217.0,0,0
103.63,2,3,65.0,1,2,9812.12,23.0,0,2
36.33,3,3,44.0,0,2,20626.94,123.0,0,0
47.59,3,3,32.0,0,1,31335.27,289.0,1,3
27.9,2,1,69.0,1,4,74210.85,231.0,0,2
190.12,0,0,51.0,0,2,2959.08,216.0,1,3
220.51,1,3,74.0,0,1,90360.17,193.0,0,0
93.08,2,0,40.0,0,1,7544.95,155.0,0,0
187.81,1,1,65.0,1,1,37960.77,227.0,0,2
199.73,3,0,66.0,1,1,8568.42,132.0,0,2
22.32,2,0,41.0,0,5,77012.3,252.0,0,0
508.0,3,1,32.0,1,4,14560.84,55.0,0,1
258.08,1,3,52.0,0,4,88533.31,195.0,0,0
34.31,1,0,21.0,1,2,53257.09,241.0,0,2
30.9,2,2,61.0,0,1,94873.05,26.0,0,0
20.14,2,0,54.0,1,4,29390.91,114.0,0,2
22.34,2,3,34.0,0,1,45704.46,37.0,1,3
206.85,3,2,48.0,1,4,69577.57,131.0,0,2
95.13,1,3,55.0,0,1,83275.37,48.0,0,0
229.13,1,0,27.0,1,4,42425.03,11.0,1,3
205.71,3,1,71.0,1,2,89297.04,132.0,0,2
139.18,2,3,67.0,1,3,12239.73,95.0,0,2
173.93,0,3,44.0,0,2,71014.13,134.0,0,0
152.34,0,3,73.0,1,3,38973.12,114.0,0,2
1.41,3,0,23.0,0,4,88081.45,290.0,0,0
5.03,1,0,69.0,1,2,98063.12,167.0,0,2
286.47,1,0,32.0,1,1,39583.59,79.0,0,2
172.81,1,1,21.0,1,1,88698.43,203.0,0,2
46.26,1,0,74.0,0,1,51210.61,291.0,1,3
174.69,3,0,65.0,1,3,71843.0,186.0,0,2
235.86,0,2,71.0,0,5,5014.46,101.0,0,0
54.96,1,2,73.0,0,5,55952.54,55.0,1,3
5.51,0,2,57.0,1,2,7481.11,38.0,0,2
404.97,3,3,24.0,0,2,27227.49,25.0,0,1
63.51,2,3,68.0,1,4,56898.03,188.0,0,2
16.89,3,2,66.0,1,3,80812.79,297.0,0,2
101.55,1,1,70.0,0,5,56308.92,68.0,0,0
219.46,2,1,62.0,1,5,93651.06,128.0,0,2
37.59,3,2,64.0,1,3,81128.08,105.0,0,2
47.1,3,3,43.0,1,2,16045.89,123.0,0,2
41.7,0,3,48.0,0,1,39201.37,82.0,0,0
32.99,2,0,45.0,0,1,93871.4,203.0,0,0
128.53,3,1,59.0,1,4,98777.73,194.0,0,2
389.07,1,0,30.0,1,2,76437.05,107.0,0,1
23.83,0,3,35.0,0,1,57590.05,279.0,0,0
530.32,2,3,47.0,0,2,75782.66,134.0,0,1
441.98,2,2,72.0,0,2,27687.02,245.0,0,1
323.87,3,3,28.0,0,1,28718.5,138.0,0,0
36.23,1,0,30.0,0,1,65607.76,161.0,1,3
150.79,0,1,68.0,1,4,87247.64,162.0,0,2
214.63,2,2,41.0,0,2,96996.04,194.0,0,0
640.6,0,0,74.0,1,1,34462.79,104.0,0,1
217.88,1,1,73.0,1,1,85227.32,53.0,0,2
62.06,3,1,71.0,1,1,62505.74,104.0,1,3
28.97,0,3,22.0,0,2,35085.39,255.0,0,0
82.07,3,1,52.0,1,2,62099.31,58.0,0,2
236.86,0,3,36.0,0,1,58652.67,141.0,0,0
93.78,2,1,72.0,1,5,60849.29,166.0,0,2
115.67,2,1,30.0,0,2,62116.39,296.0,0,0
799.61,3,3,22.0,0,1,84782.29,85.0,0,1
76.4,2,3,61.0,1,1,17423.11,224.0,0,2
143.33,0,0,31.0,0,2,37045.75,89.0,0,0
68.18,2,1,55.0,1,1,58807.17,87.0,0,2
74.83,1,3,39.0,0,2,28691.11,71.0,0,0
178.43,1,0,26.0,1,3,97826.24,238.0,0,2
416.82,3,0,66.0,1,5,26683.45,202.0,0,1
117.25,3,3,57.0,0,5,47228.07,263.0,0,0
219.41,3,1,43.0,0,5,87797.82,181.0,0,0
14.02,3,0,62.0,1,1,8466.33,284.0,0,2
35.58,0,1,22.0,1,4,82158.46,133.0,0,2
104.61,0,1,46.0,0,4,57315.33,184.0,0,0
3.03,1,0,71.0,1,2,3664.3,296.0,1,3
43.72,0,3,39.0,1,1,90339.83,211.0,0,2
109.29,2,1,66.0,1,1,4400.09,298.0,0,2
2.26,1,2,20.0,0,2,51764.17,179.0,0,0
46.09,3,3,45.0,1,2,5378.61,33.0,0,2
108.24,3,0,55.0,1,2,7584.41,183.0,0,2
127.7,0,2,31.0,0,3,88776.83,45.0,0,0
390.05,1,1,64.0,1,1,76699.64,196.0,0,1
155.49,0,3,31.0,1,4,20095.65,241.0,0,2
80.35,0,2,60.0,1,1,62236.56,229.0,1,3
399.64,0,3,28.0,1,4,79570.62,118.0,0,1
230.49,1,1,26.0,0,1,89014.27,282.0,1,3
33.47,3,3,55.0,1,5,47096.54,21.0,0,2
21.03,2,2,64.0,1,2,89801.24,90.0,0,2
168.96,3,3,61.0,1,2,51031.08,185.0,1,3
123.11,1,0,23.0,1,2,68978.69,149.0,0,2
233.86,3,0,18.0,1,5,97913.42,229.0,0,2
147.21,2,3,33.0,0,3,17267.87,72.0,0,0
644.46,3,2,69.0,1,5,34530.87,111.0,0,1
114.4,3,3,32.0,1,2,16857.7,81.0,0,2
18.0,3,1,51.0,0,5,28774.2,31.0,0,0
264.28,0,0,34.0,0,1,74427.04,159.0,0,0
43.52,1,1,20.0,0,4,48013.64,76.0,1,3
225.29,1,3,20.0,1,1,37816.61,184.0,0,2
472.36,2,1,54.0,1,1,37188.04,51.0,0,1
179.0,0,2,34.0,1,5,19855.73,246.0,0,2
135.96,0,2,72.0,1,4,45017.44,281.0,0,2
92.54,3,3,66.0,1,2,62651.24,109.0,0,2
67.98,1,0,69.0,1,2,14345.91,99.0,0,2
65.31,2,2,55.0,0,1,97294.88,223.0,1,3
151.74,0,0,18.0,0,5,44606.48,174.0,0,0
208.71,3,3,24.0,1,2,94822.11,287.0,0,2
170.22,2,0,43.0,1,5,13898.56,132.0,0,2
33.17,0,3,64.0,1,1,76837.99,204.0,0,2
102.18,2,1,56.0,0,1,61954.99,39.0,0,0
235.27,0,3,36.0,0,1,82096.38,148.0,0,0
96.85,2,1,69.0,0,2,60267.45,296.0,1,3
115.38,0,3,71.0,0,1,96302.25,70.0,0,0
221.19,0,2,47.0,1,3,62879.72,223.0,0,2
162.38,2,2,60.0,0,4,78568.11,60.0,0,0
78.98,0,0,72.0,0,5,87819.39,149.0,0,0
338.66,0,3,31.0,1,2,71601.06,217.0,0,1
26.61,0,3,30.0,1,2,52661.55,98.0,0,2
811.1,2,3,37.0,1,2,27645.3,110.0,0,1
18.98,2,0,43.0,0,1,85522.02,88.0,0,0
2.26,0,2,44.0,1,1,48317.54,140.0,0,2
331.12,0,3,42.0,0,3,62260.47,150.0,0,0
42.15,2,0,26.0,0,1,8383.04,253.0,0,0
196.23,3,3,58.0,0,1,49986.46,22.0,1,3
249.91,0,1,65.0,0,4,69966.69,129.0,0,0
293.83,3,3,29.0,1,4,58615.16,6.0,0,1
716.83,2,1,27.0,1,3,45131.21,204.0,0,1
52.23,0,0,23.0,0,4,22731.02,142.0,0,0
185.81,3,0,67.0,1,4,31312.18,207.0,0,2
78.34,3,3,69.0,0,2,22806.97,34.0,0,0
282.55,1,0,58.0,1,1,62361.8,60.0,0,2
68.75,2,2,36.0,1,1,59178.89,123.0,0,2
134.14,1,3,23.0,0,5,97056.54,136.0,0,0
105.11,2,0,19.0,1,1,6547.79,235.0,1,3
155.75,2,1,32.0,0,1,11258.2,156.0,1,3
541.2,0,0,34.0,1,4,50855.3,25.0,0,1
8.6,1,1,33.0,0,2,52947.43,72.0,0,0
127.98,1,2,45.0,0,5,4472.8,130.0,0,0
298.2,1,2,38.0,1,1,82672.61,47.0,0,1
98.49,2,3,25.0,1,3,49724.99,186.0,0,2
12.27,1,3,27.0,0,2,34991.05,104.0,0,0
123.33,1,3,27.0,1,4,32225.95,244.0,0,2
60.54,0,2,67.0,1,2,86210.01,204.0,1,3
25.25,3,1,27.0,0,1,20074.92,120.0,0,0
110.6,1,3,45.0,1,2,21711.26,146.0,0,2
406.08,1,2,41.0,1,3,62689.74,123.0,0,1
246.0,1,1,36.0,0,1,81187.62,97.0,0,0
177.12,1,0,50.0,0,1,33432.38,13.0,0,0
0.76,3,3,21.0,0,1,17759.47,77.0,0,0
83.75,0,0,73.0,0,4,21314.82,30.0,1,3
33.0,2,0,20.0,0,1,62108.79,243.0,0,0
362.53,1,3,59.0,0,1,24980.51,149.0,0,1
28.78,1,2,29.0,0,1,87789.38,72.0,0,0
50.54,3,3,35.0,0,1,10837.19,192.0,0,0
109.11,1,1,40.0,1,1,3720.67,135.0,1,3
45.85,0,1,37.0,1,2,9293.64,225.0,0,2
35.33,0,3,23.0,1,4,84641.49,285.0,0,2
137.11,1,0,70.0,0,2,65297.34,281.0,0,0
13.97,3,1,51.0,1,3,95795.59,144.0,0,2
8.99,1,1,59.0,0,2,33961.51,58.0,0,0
69.84,1,3,19.0,1,2,21661.47,5.0,0,2
191.3,3,3,47.0,0,2,56416.54,132.0,0,0
121.39,0,2,26.0,0,1,54013.91,5.0,1,3
82.45,2,3,44.0,1,5,59306.89,177.0,0,2
125.12,1,3,59.0,0,4,35079.62,270.0,0,0
68.23,0,1,51.0,1,1,1086.75,260.0,0,2
412.67,1,1,57.0,1,2,3985.65,178.0,0,1
8.47,2,1,41.0,1,1,66550.73,49.0,0,2
167.85,3,0,66.0,1,3,52564.18,145.0,0,2
332.85,0,1,34.0,1,3,82190.62,31.0,1,3
244.36,2,1,46.0,1,3,30390.78,237.0,0,2
30.51,1,3,53.0,1,1,81639.49,213.0,0,2
52.63,2,2,67.0,1,2,42836.4,54.0,0,2
189.37,0,1,29.0,1,3,10121.49,65.0,0,2
13.21,3,2,48.0,0,1,97802.2,247.0,0,0
250.59,1,1,66.0,0,3,51437.62,273.0,0,0
190.36,3,1,26.0,1,1,63133.11,144.0,0,2
196.18,3,2,36.0,0,2,67244.32,161.0,0,0
15.84,2,3,63.0,0,1,36560.02,89.0,1,3
189.75,2,1,63.0,1,3,74879.07,88.0,0,2
170.83,0,2,34.0,1,4,87091.51,280.0,0,2
266.61,0,1,19.0,0,1,39025.1,35.0,0,0
6.37,3,0,57.0,1,3,65871.59,12.0,0,2
3.51,0,0,22.0,1,1,75833.82,284.0,0,2
70.02,3,0,56.0,1,1,19417.53,207.0,0,2
24.16,1,0,71.0,0,5,33593.31,37.0,0,0
122.6,3,3,65.0,1,3,11325.19,147.0,1,3
373.97,0,0,33.0,0,1,60419.74,41.0,0,1
74.51,0,2,34.0,1,2,80193.3,151.0,0,2
279.6,3,1,71.0,1,1,61278.45,232.0,0,2
0.04,2,2,44.0,0,4,18388.49,38.0,0,0
27.68,3,0,24.0,1,2,54863.66,241.0,0,2
59.66,2,0,25.0,0,1,30621.12,144.0,0,0
358.2,1,0,25.0,1,1,83348.82,194.0,0,1
15.3,2,3,40.0,1,2,78570.02,100.0,0,2
139.87,0,3,49.0,0,1,2663.21,198.0,0,0
90.08,2,3,60.0,0,1,24325.75,156.0,0,0
418.23,0,3,64.0,1,4,54522.77,227.0,0,1
35.74,3,3,55.0,1,1,88112.79,92.0,0,2
4.5,3,1,71.0,1,1,64283.71,21.0,0,2
85.36,1,0,29.0,1,1,38344.25,215.0,0,2
48.82,0,0,32.0,0,1,18870.41,236.0,1,3
305.92,3,3,45.0,0,1,76123.57,187.0,0,0
139.31,0,2,72.0,0,3,21074.77,166.0,0,0
142.82,1,3,55.0,0,2,69695.34,74.0,0,0
113.86,0,1,67.0,1,3,18530.56,64.0,0,2
14.45,1,2,73.0,0,1,9559.86,183.0,0,0
88.32,1,1,48.0,1,2,25484.47,81.0,0,2
1141.7,1,2,69.0,1,3,28850.52,39.0,0,1
270.48,3,2,26.0,1,5,64897.31,20.0,0,1
335.88,2,3,25.0,1,4,16507.9,298.0,0,1
259.93,2,1,63.0,1,1,93065.54,175.0,0,2
16.31,3,2,36.0,0,1,55658.99,36.0,1,3
38.71,0,1,68.0,1,5,49347.71,267.0,0,2
0.47,3,3,25.0,1,1,43752.1,219.0,0,2
54.26,0,3,51.0,1,2,56876.83,50.0,0,2
17.25,1,3,74.0,0,3,2733.47,193.0,0,0
96.02,3,3,21.0,1,3,99013.59,278.0,0,2
169.57,2,0,48.0,1,2,55973.68,75.0,0,2
311.32,0,2,55.0,1,1,4001.9,92.0,0,1
207.48,3,0,20.0,0,1,59202.77,265.0,0,0
418.52,3,3,52.0,1,1,43989.34,186.0,0,1
8.31,0,2,36.0,0,4,2891.75,26.0,1,3
1.84,1,2,60.0,0,4,92480.66,78.0,0,0
162.41,1,1,46.0,1,2,1551.4,94.0,0,2
51.24,1,3,27.0,0,2,57998.23,170.0,0,0
43.85,1,0,29.0,0,2,96198.18,238.0,0,0
60.27,0,1,63.0,1,2,24141.65,133.0,0,2
47.16,2,2,47.0,1,3,25790.82,296.0,1,3
107.44,3,0,47.0,1,2,542.1,99.0,0,2
87.01,3,3,35.0,1,2,7101.94,32.0,0,2
107.75,1,0,41.0,0,4,4966.4,39.0,1,3
73.44,2,0,26.0,1,1,83755.39,129.0,0,2
43.41,2,1,64.0,1,1,72806.66,83.0,0,2
27.26,3,2,41.0,1,5,35598.13,65.0,0,2
64.5,1,0,43.0,0,5,82214.82,221.0,1,3
203.11,3,2,20.0,1,2,54207.56,286.0,0,2
212.02,3,1,40.0,0,1,30778.87,167.0,0,0
164.9,2,3,28.0,0,1,44009.04,61.0,0,0
39.99,0,3,27.0,0,1,7043.89,195.0,0,0
133.04,2,0,67.0,0,2,94518.41,136.0,1,3
126.84,3,1,53.0,1,1,62102.08,46.0,0,2
99.32,1,3,30.0,1,2,73257.8,177.0,1,3
119.77,1,1,46.0,1,2,67820.05,171.0,0,2
101.53,0,1,55.0,0,2,66941.12,254.0,1,3
125.02,0,0,70.0,0,2,2217.47,197.0,0,0
188.56,0,0,30.0,1,5,52774.44,282.0,0,2
17.42,3,1,74.0,0,1,82260.17,242.0,1,3
207.72,3,1,43.0,0,1,4929.63,234.0,0,0
21.91,0,0,37.0,0,5,95638.49,169.0,0,0
10.34,1,1,22.0,1,1,42703.89,247.0,0,2
559.95,1,0,37.0,1,1,29344.6,94.0,0,1
471.95,1,2,31.0,1,5,53416.23,183.0,1,3
9.35,3,1,62.0,0,2,80220.81,62.0,0,0
87.85,2,0,31.0,1,1,47738.13,267.0,0,2
30.91,1,1,25.0,1,5,64688.01,140.0,0,2
99.64,1,0,65.0,1,1,50241.48,242.0,0,2
265.95,1,1,30.0,0,4,63311.59,247.0,0,0
451.21,0,3,41.0,0,3,14234.08,155.0,0,1
150.87,3,3,32.0,0,1,4347.01,251.0,0,0
65.52,0,1,68.0,0,1,14121.69,223.0,1,3
138.7,0,3,18.0,0,1,28940.9,13.0,0,0
56.1,2,1,39.0,1,2,25708.93,298.0,0,2
360.9,0,1,51.0,1,1,61709.95,17.0,0,1
306.5,2,2,67.0,0,2,45861.0,267.0,0,0
122.55,0,2,68.0,0,1,4361.79,229.0,0,0
58.91,1,3,57.0,1,1,3969.16,235.0,0,2
52.09,3,2,20.0,0,1,9513.51,182.0,0,0
5.1,0,2,72.0,0,3,35631.58,251.0,1,3
253.78,2,1,43.0,0,5,1115.2,71.0,0,0
89.78,3,0,31.0,0,1,49651.73,161.0,0,0
58.99,2,1,58.0,0,1,36386.63,169.0,1,3
95.55,1,2,25.0,1,2,55766.41,188.0,0,2
256.17,0,1,66.0,1,4,72222.11,212.0,1,3
19.96,3,3,72.0,0,1,25471.8,20.0,0,0
292.43,1,0,72.0,0,2,16129.82,245.0,0,0
341.7,0,2,73.0,1,1,28166.33,234.0,0,1
439.8,0,2,33.0,0,1,675.44,22.0,0,1
76.0,2,1,59.0,1,2,12441.29,151.0,0,2
70.17,1,1,27.0,1,1,22669.28,55.0,0,2
60.73,2,1,74.0,1,1,99432.81,263.0,0,2
29.07,1,2,42.0,0,1,17199.24,242.0,0,0
140.19,1,1,73.0,0,3,78982.79,250.0,0,0
97.12,1,2,55.0,1,2,70651.92,53.0,1,3
301.15,2,1,39.0,0,4,32552.15,288.0,0,0
4.9,3,0,66.0,1,3,33408.54,42.0,1,3
154.87,1,0,65.0,0,1,56573.38,288.0,0,0
215.92,3,1,64.0,0,2,85311.22,36.0,0,0
213.75,0,1,71.0,0,1,38925.6,247.0,0,0
325.83,2,3,63.0,1,1,6587.4,45.0,0,1
195.86,2,0,21.0,1,4,37754.71,296.0,1,3
394.27,3,2,21.0,0,4,21127.61,107.0,0,1
60.67,0,0,47.0,1,1,93951.1,296.0,0,2
104.94,0,2,19.0,0,1,69878.8,111.0,0,0
2.13,1,1,46.0,1,1,5557.85,250.0,0,2
1.05,2,0,60.0,0,2,29652.36,91.0,0,0
41.19,0,0,53.0,1,1,5496.49,70.0,0,2
15.94,0,3,38.0,1,4,83086.66,142.0,0,2
45.21,1,3,38.0,1,1,90676.49,204.0,0,2
29.23,1,0,65.0,1,3,11671.82,97.0,0,2
4.34,3,0,38.0,1,3,44308.86,282.0,0,2
360.04,2,0,21.0,1,1,93222.39,24.0,0,1
1.24,0,2,18.0,0,3,14948.56,293.0,0,0
199.82,3,1,43.0,0,1,29544.41,94.0,1,3
24.76,2,3,73.0,1,1,30775.33,54.0,0,2
364.95,3,1,68.0,0,5,3490.8,14.0,0,1
334.95,2,3,19.0,1,1,4109.19,83.0,0,1
159.15,2,3,26.0,0,5,95302.89,41.0,0,0
167.32,0,3,72.0,0,4,57323.71,63.0,0,0
0.8,2,0,74.0,0,2,31011.51,92.0,0,0
628.68,1,3,62.0,0,2,38178.13,108.0,0,1
315.35,0,1,35.0,1,4,71626.87,281.0,0,1
338.22,1,3,65.0,0,5,36968.46,108.0,0,1
161.49,3,1,65.0,0,1,23162.16,258.0,0,0
63.42,3,3,74.0,0,3,10632.82,234.0,1,3
336.15,2,3,59.0,1,1,73028.83,41.0,1,3
51.69,2,0,58.0,0,4,18466.22,146.0,0,0
15.76,1,3,42.0,1,1,42981.97,120.0,0,2
382.57,1,3,43.0,0,1,4437.31,88.0,0,1
22.76,3,1,53.0,1,3,96517.31,263.0,0,2
38.21,1,3,59.0,0,2,62915.65,91.0,0,0
122.51,0,2,52.0,0,5,15693.33,295.0,0,0
216.65,0,0,55.0,0,4,17659.18,100.0,1,3
144.88,3,1,20.0,0,4,57197.93,259.0,1,3
39.62,1,0,58.0,0,4,35978.29,140.0,0,0
0.14,1,2,52.0,0,5,77539.54,252.0,1,3
212.3,2,2,67.0,0,1,54807.75,96.0,0,0
632.04,0,2,57.0,1,1,43616.72,251.0,0,1
249.04,3,1,39.0,1,1,96316.53,262.0,0,2
92.49,1,2,25.0,0,1,39377.54,191.0,0,0
351.15,2,1,32.0,0,4,40360.79,128.0,0,1
79.11,3,1,62.0,1,1,66744.36,264.0,1,3
111.65,3,3,24.0,0,1,81043.12,173.0,0,0
97.26,0,1,36.0,1,3,62808.39,115.0,0,2
89.03,1,2,57.0,1,3,70011.72,294.0,0,2
223.88,3,1,59.0,0,2,37606.69,91.0,0,0
112.23,2,1,34.0,0,1,48209.94,17.0,0,0
57.13,2,0,18.0,1,2,20104.99,267.0,0,2
44.79,3,2,62.0,1,5,68184.53,292.0,0,2
5.77,2,1,46.0,0,5,22534.47,27.0,0,0
131.27,3,3,30.0,0,3,625.05,204.0,0,0
39.2,2,1,73.0,1,3,93409.33,246.0,0,2
24.05,3,1,65.0,1,3,30948.52,243.0,0,2
159.12,3,0,46.0,1,1,20064.89,169.0,0,2
171.48,3,2,58.0,0,2,27180.6,230.0,0,0
209.24,2,2,59.0,0,4,33379.55,180.0,1,3
105.05,3,3,23.0,0,4,47717.37,33.0,0,0
336.72,0,3,22.0,1,1,7400.49,169.0,1,3
413.14,3,3,51.0,1,1,5740.98,27.0,1,3
247.05,1,1,28.0,0,3,29644.62,298.0,1,3
151.42,1,1,26.0,1,4,29928.73,48.0,0,2
54.3,0,3,55.0,1,2,12205.8,265.0,0,2
610.7,3,2,57.0,1,4,40776.76,184.0,0,1
48.06,1,2,58.0,1,5,28760.85,143.0,0,2
33.97,3,3,26.0,1,2,3092.53,252.0,1,3
87.55,1,0,25.0,0,1,88629.22,245.0,0,0
575.92,2,2,57.0,0,3,21313.63,177.0,0,1
133.17,0,3,20.0,0,1,16705.79,53.0,0,0
122.11,0,2,30.0,0,5,54955.63,127.0,0,0
159.98,3,1,36.0,1,1,63259.97,39.0,0,2
103.08,0,1,51.0,1,3,95775.48,110.0,0,2
4.89,3,2,49.0,1,1,38046.17,200.0,0,2
188.91,2,0,33.0,1,4,87879.01,129.0,0,2
80.87,1,2,53.0,1,3,45270.4,299.0,0,2
212.39,3,3,35.0,1,2,12673.4,41.0,0,2
37.51,2,0,47.0,1,1,14088.41,27.0,0,2
26.41,3,0,19.0,1,1,2155.63,265.0,0,2
69.78,1,1,30.0,0,5,75279.53,198.0,0,0
281.61,1,0,44.0,0,2,24223.16,156.0,0,0
263.96,1,2,70.0,1,1,699.7,22.0,0,2
72.39,1,0,69.0,0,1,87307.02,31.0,0,0
191.38,3,0,48.0,0,5,24266.56,33.0,0,0
27.61,2,1,74.0,1,4,24433.52,150.0,0,2
536.85,2,0,37.0,0,2,19858.34,127.0,0,1
597.82,0,1,24.0,0,5,17448.0,121.0,0,1
61.82,3,3,35.0,0,1,56404.54,136.0,0,0
182.12,3,2,73.0,1,1,8193.36,293.0,1,3
37.77,3,1,28.0,0,1,94977.38,210.0,0,0
45.41,1,2,49.0,1,1,60529.73,240.0,0,2
107.59,2,3,67.0,1,2,90363.67,46.0,0,2
27.52,2,3,43.0,0,1,81161.87,256.0,1,3
45.75,0,3,54.0,1,2,85438.62,183.0,0,2
5.46,3,2,62.0,1,2,70443.45,129.0,1,3
182.82,2,0,45.0,0,1,9748.27,264.0,0,0
101.63,0,0,67.0,1,1,2099.97,280.0,0,2
14.85,2,2,19.0,1,1,17271.69,217.0,0,2
28.26,1,1,37.0,1,2,12250.63,194.0,1,3
16.23,3,2,21.0,0,5,72651.2,62.0,0,0
142.24,0,1,30.0,1,1,55922.18,207.0,0,2
14.84,2,1,41.0,1,4,52832.11,84.0,0,2
210.54,3,0,65.0,1,5,25660.3,232.0,0,2
3.11,0,3,55.0,0,1,15883.45,99.0,0,0
43.03,3,0,57.0,0,1,21051.52,8.0,0,0
332.0,3,0,65.0,0,3,40327.56,169.0,0,1
190.16,1,2,62.0,1,1,74144.25,46.0,0,2
11.37,3,2,72.0,1,1,25824.4,289.0,1,3
258.16,0,1,46.0,1,1,70011.99,233.0,0,2
101.9,3,2,53.0,1,2,49405.43,247.0,1,3
281.39,0,1,19.0,1,2,88601.36,216.0,0,2
137.72,3,1,58.0,0,3,23675.0,59.0,0,0
171.78,2,3,35.0,1,5,45360.24,177.0,1,3
755.43,1,3,66.0,1,5,10118.14,281.0,1,1
39.66,2,0,25.0,0,2,33847.74,233.0,0,0
146.7,1,3,32.0,0,2,50934.6,34.0,0,0
92.52,0,1,58.0,1,1,73407.65,27.0,0,2
6.04,1,2,34.0,0,1,20208.67,9.0,0,0
2.19,3,3,40.0,0,5,22200.17,67.0,0,0
157.08,2,3,23.0,1,2,38554.55,86.0,1,3
120.92,0,1,44.0,1,1,83695.42,257.0,0,2
4.86,0,1,54.0,0,1,50158.79,56.0,0,0
95.03,3,0,66.0,1,4,65423.69,43.0,0,2
387.79,0,2,51.0,1,2,65849.12,263.0,0,1
76.02,3,0,35.0,1,2,80459.39,275.0,1,3
147.09,3,0,59.0,0,1,63994.88,76.0,0,0
227.0,3,3,27.0,0,3,6948.58,74.0,0,0
229.82,2,2,55.0,0,1,34546.21,224.0,1,3
109.87,2,3,61.0,1,5,98936.96,8.0,0,2
292.74,3,1,34.0,0,1,20052.77,294.0,1,3
74.48,3,0,30.0,0,2,58879.54,296.0,0,0
329.32,3,2,69.0,1,1,84372.59,235.0,0,1
41.21,0,1,65.0,0,3,58862.58,84.0,0,0
8.19,3,2,44.0,0,4,8482.74,140.0,1,3
238.14,1,0,70.0,1,1,36485.66,195.0,0,2
80.95,1,2,19.0,1,1,18615.72,63.0,0,2
39.03,1,0,51.0,0,1,96105.85,270.0,1,3
39.55,1,3,48.0,1,1,71645.67,11.0,0,2
347.5,3,0,40.0,0,3,75063.62,206.0,0,1
269.29,1,0,24.0,0,1,43878.94,241.0,0,0
120.96,0,2,55.0,0,4,11441.5,272.0,1,3
143.61,0,2,50.0,0,4,27038.29,83.0,0,0
96.46,1,3,29.0,1,2,26341.25,50.0,0,2
74.55,2,2,62.0,1,1,48934.55,247.0,1,3
370.61,0,0,29.0,1,1,46367.49,292.0,0,1
20.13,0,2,36.0,0,4,43624.12,164.0,0,0
81.31,1,2,26.0,0,4,49849.76,119.0,0,0
63.37,1,2,27.0,1,1,98708.8,118.0,1,3
103.42,3,3,34.0,1,1,30186.19,130.0,0,2
91.77,0,3,67.0,0,5,61719.28,94.0,0,0
109.75,1,1,57.0,0,3,24331.02,65.0,0,0
107.97,3,3,58.0,1,3,20404.9,118.0,1,3
41.64,0,3,27.0,0,4,56040.13,178.0,0,0
30.56,1,0,29.0,1,4,26868.67,96.0,0,2
10.05,3,1,32.0,0,1,4160.5,187.0,0,0
215.73,1,0,48.0,1,1,81619.47,209.0,0,2
83.65,2,3,32.0,0,2,13261.38,199.0,1,3
147.78,2,3,45.0,1,4,37119.86,29.0,0,2
195.07,1,1,21.0,1,3,47979.17,238.0,0,2
170.6,0,1,53.0,1,3,43531.76,20.0,0,2
95.37,2,2,72.0,0,5,72703.74,145.0,0,0
73.63,3,3,18.0,1,5,59879.27,112.0,0,2
70.73,1,3,61.0,1,1,29889.43,84.0,1,3
153.27,3,0,74.0,0,1,5644.45,80.0,0,0
102.42,2,2,51.0,1,4,76875.71,280.0,0,2
283.7,0,3,64.0,1,4,35576.45,272.0,0,2
311.56,3,0,34.0,0,2,89027.61,116.0,1,3
28.05,2,1,56.0,1,3,39808.15,79.0,0,2
21.97,2,0,55.0,0,1,71907.03,218.0,0,0
149.3,2,3,61.0,1,1,93986.69,38.0,0,2
53.76,3,0,68.0,0,1,65289.67,145.0,0,0
2.81,2,0,50.0,1,5,41642.15,170.0,0,2
329.25,1,2,38.0,1,1,56956.23,235.0,1,3
38.6,2,2,43.0,1,3,54572.8,296.0,0,2
397.36,1,1,63.0,0,1,58689.59,32.0,0,1
189.58,0,2,53.0,1,1,15108.59,299.0,0,2
215.74,1,0,22.0,1,1,70001.73,95.0,0,2
33.75,0,2,50.0,0,3,14931.81,119.0,0,0
110.49,1,0,70.0,0,4,62665.62,262.0,0,0
28.33,0,0,23.0,1,2,12132.9,94.0,0,2
54.67,1,0,54.0,1,2,77155.96,249.0,0,2
58.17,3,3,19.0,1,1,86663.61,35.0,0,2
26.09,0,0,74.0,0,1,94501.31,232.0,0,0
34.45,1,2,70.0,0,2,66615.46,132.0,0,0
233.07,0,3,22.0,1,2,48460.48,274.0,0,2
27.44,2,0,43.0,1,5,35551.97,274.0,1,3
4.33,1,2,58.0,0,2,49347.05,213.0,0,0
148.88,2,2,68.0,0,2,19440.05,182.0,0,0
559.35,0,1,70.0,0,1,35168.05,195.0,1,3
60.34,0,2,64.0,1,5,71934.09,72.0,0,2
18.95,3,2,30.0,0,3,22133.59,271.0,0,0
126.73,1,1,29.0,0,1,26774.68,274.0,0,0
355.24,2,1,22.0,0,1,75058.16,132.0,0,1
229.91,3,3,19.0,0,1,18194.68,268.0,0,0
146.13,0,2,21.0,1,3,24965.81,225.0,0,2
56.76,0,3,44.0,0,4,2245.98,246.0,0,0
117.09,3,3,67.0,1,2,72145.13,248.0,0,2
14.35,2,0,70.0,1,1,61981.4,23.0,1,3
170.42,0,3,27.0,0,2,69591.35,159.0,0,0
193.7,0,3,30.0,0,1,21825.61,233.0,0,0
503.0,1,3,61.0,1,5,68893.95,62.0,0,1
45.25,3,3,19.0,0,1,59839.47,285.0,0,0
2.79,0,1,43.0,1,5,36929.24,49.0,0,2
118.32,2,2,32.0,0,5,44063.67,106.0,0,0
184.03,1,0,63.0,1,1,57008.09,52.0,0,2
234.39,3,1,74.0,1,2,49582.57,54.0,0,2
32.3,2,0,27.0,1,1,64361.89,85.0,0,2
45.52,0,0,39.0,0,5,18507.47,63.0,0,0
60.21,3,3,42.0,1,1,45302.81,107.0,0,2
295.47,2,1,32.0,0,3,46371.54,278.0,0,0
241.1,2,0,25.0,1,3,88206.46,120.0,0,2
130.35,0,3,38.0,1,3,81953.43,271.0,0,2
222.48,1,1,38.0,0,3,63142.21,168.0,1,3
60.67,2,2,39.0,1,2,71790.45,147.0,0,2
267.05,1,0,63.0,0,3,4758.86,98.0,0,0
48.15,3,1,50.0,0,2,74527.18,254.0,0,0
118.48,2,3,62.0,0,2,48873.39,244.0,0,0
36.12,0,3,44.0,1,5,32115.88,63.0,0,2
96.8,2,2,57.0,0,4,14407.81,19.0,0,0
57.45,2,0,67.0,1,1,7983.27,289.0,0,2
46.53,2,2,39.0,1,1,4966.13,207.0,0,2
511.62,1,2,47.0,0,3,16598.72,241.0,1,3
26.17,1,2,26.0,0,1,3499.31,291.0,0,0
232.2,3,2,62.0,0,2,73397.9,77.0,0,0
621.83,3,3,52.0,0,1,25237.1,218.0,0,1
3.02,3,0,35.0,1,1,37189.67,15.0,0,2
180.11,3,2,59.0,1,2,82360.26,229.0,0,2
43.74,2,0,22.0,0,1,11908.42,207.0,0,0
6.2,1,3,44.0,1,1,83641.61,235.0,0,2
77.35,1,3,74.0,0,5,64134.26,55.0,0,0
410.51,1,1,23.0,1,5,34531.94,61.0,0,1
1.78,1,1,49.0,1,1,12221.82,136.0,0,2
132.97,3,0,25.0,1,5,9603.52,284.0,0,2
104.39,2,1,73.0,0,1,33883.68,229.0,0,0
309.99,1,2,56.0,1,1,14464.03,178.0,0,1
13.16,0,0,38.0,1,3,27137.17,296.0,0,2
171.63,2,3,35.0,1,1,5769.1,270.0,0,2
170.97,0,3,31.0,1,3,59703.34,251.0,0,2
165.88,2,2,32.0,0,4,14954.97,82.0,0,0
427.96,2,1,59.0,1,4,75794.87,139.0,0,1
259.82,2,0,43.0,0,1,22208.41,144.0,0,0
6.43,0,0,70.0,0,1,79898.67,257.0,0,0
95.54,1,2,61.0,1,5,19393.26,180.0,0,2
76.11,1,1,49.0,1,1,72275.97,64.0,0,2
90.04,1,2,45.0,0,1,58520.44,12.0,0,0
72.72,3,0,56.0,0,2,4346.85,111.0,0,0
84.93,1,3,60.0,1,2,49776.82,175.0,0,2
581.37,3,0,49.0,1,2,15294.45,62.0,0,1
13.92,3,0,30.0,0,2,48888.86,294.0,0,0
383.1,3,0,32.0,0,5,14565.23,88.0,1,3
98.16,0,1,35.0,0,1,43990.37,121.0,0,0
146.62,1,1,56.0,1,5,11506.77,204.0,0,2
265.96,1,2,23.0,1,4,22385.18,26.0,0,2
67.05,0,1,72.0,0,2,59710.35,223.0,0,0
84.43,0,0,28.0,1,4,97677.73,230.0,0,2
79.02,1,0,49.0,0,1,45193.88,275.0,1,3
70.44,0,1,57.0,1,4,68873.78,106.0,0,2
264.85,3,0,50.0,1,5,50086.61,151.0,0,2
17.31,0,0,57.0,1,1,6938.07,265.0,1,3
17.16,3,3,25.0,1,4,14857.59,283.0,0,2
83.76,2,2,68.0,1,4,88364.24,18.0,0,2
15.58,3,1,52.0,1,1,41311.35,270.0,0,2
144.78,3,2,22.0,1,1,61626.08,291.0,0,2
23.27,0,0,52.0,1,1,53059.21,145.0,0,2
110.84,1,2,64.0,0,5,38198.8,297.0,1,3
1.09,2,1,31.0,0,4,39087.75,35.0,0,0
57.1,2,1,38.0,0,2,55768.77,175.0,0,0
169.6,2,2,64.0,1,2,14543.61,209.0,1,3
99.26,1,1,41.0,1,2,39032.27,295.0,1,3
574.36,2,3,34.0,1,1,44974.07,115.0,0,1
310.84,2,0,35.0,0,1,98520.06,72.0,0,0
66.73,1,0,51.0,0,3,35469.75,187.0,1,3
6.98,2,1,29.0,0,2,64635.6,200.0,0,0
280.26,0,0,33.0,0,4,14172.84,130.0,0,0
363.26,0,3,21.0,0,1,7015.4,179.0,1,3
257.74,3,1,42.0,0,3,87218.43,266.0,0,0
20.54,3,3,51.0,1,1,73208.12,290.0,0,2
925.96,3,3,45.0,0,1,32091.18,159.0,0,1
44.88,0,0,63.0,1,1,50705.51,73.0,0,2
193.21,0,0,28.0,0,2,14006.55,112.0,0,0
357.95,0,2,30.0,0,3,70862.45,39.0,0,1
40.32,3,3,48.0,1,2,7497.89,48.0,0,2
358.32,3,0,42.0,1,2,75824.79,147.0,0,1
55.55,3,3,56.0,1,1,54910.23,215.0,0,2
562.06,3,2,27.0,0,2,28245.63,289.0,0,1
49.54,3,3,41.0,0,1,86326.15,10.0,0,0
460.04,3,1,18.0,1,2,98614.15,222.0,0,1
8.25,0,2,70.0,0,1,25807.74,31.0,0,0
185.31,1,2,42.0,1,5,80721.49,231.0,1,3
113.93,1,3,45.0,0,1,75141.55,288.0,0,0
97.48,3,3,53.0,0,1,74845.42,60.0,0,0
37.94,1,0,35.0,0,1,95744.94,109.0,0,0
183.42,1,1,23.0,1,4,48918.4,22.0,0,2
31.76,0,2,19.0,0,1,67579.72,209.0,1,3
120.73,3,2,20.0,1,3,82475.8,47.0,0,2
43.8,3,2,63.0,1,1,48213.88,93.0,0,2
467.25,1,0,25.0,1,5,48402.4,78.0,0,1
4.36,3,1,48.0,1,1,32206.15,161.0,1,3
33.42,3,2,65.0,1,4,78192.16,270.0,0,2
80.18,3,0,67.0,1,2,45388.42,93.0,0,2
39.74,1,3,23.0,1,5,42224.0,240.0,0,2
101.4,2,2,31.0,1,1,7722.67,136.0,0,2
186.75,0,1,65.0,1,5,53124.95,38.0,0,2
130.11,2,1,18.0,0,1,42040.54,87.0,0,0
13.98,2,1,61.0,1,1,79705.66,136.0,0,2
177.62,2,0,47.0,0,1,54494.08,208.0,0,0
27.3,1,2,63.0,0,2,93702.25,291.0,0,0
231.52,0,0,36.0,0,1,20016.01,262.0,0,0
43.16,1,1,71.0,0,4,99019.96,296.0,0,0
80.95,0,1,36.0,0,1,30142.96,129.0,0,0
64.73,1,1,26.0,0,2,64421.19,155.0,0,0
293.65,1,0,24.0,1,2,50434.44,251.0,1,3
20.29,1,1,63.0,1,3,36277.85,179.0,0,2
125.08,2,2,54.0,1,4,14361.26,84.0,0,2
22.98,1,1,67.0,1,2,13916.0,111.0,0,2
183.01,0,2,58.0,1,5,71294.83,62.0,0,2
353.21,0,2,70.0,1,4,38075.32,95.0,0,1
85.54,0,1,24.0,0,4,96149.15,139.0,0,0
100.44,2,0,26.0,1,2,32902.02,173.0,0,2
393.47,1,3,21.0,0,4,98360.61,126.0,0,1
110.41,1,3,42.0,0,2,20939.61,240.0,0,0
100.3,3,2,66.0,0,2,10730.03,80.0,1,3
129.53,2,0,29.0,0,2,31600.69,27.0,1,3
16.96,0,1,35.0,0,4,52424.27,92.0,0,0
258.15,1,1,57.0,1,1,13997.19,107.0,0,2
85.77,0,2,38.0,0,4,20648.66,98.0,0,0
11.26,1,0,32.0,0,1,31470.44,270.0,1,3
231.39,1,0,20.0,1,3,59221.59,257.0,0,2
70.97,3,3,19.0,1,1,33571.7,62.0,0,2
15.87,2,3,73.0,1,1,74831.88,13.0,0,2
150.68,1,1,72.0,1,3,61821.21,17.0,0,2
318.2,1,2,58.0,1,3,87445.46,135.0,0,1
328.06,1,0,57.0,1,1,50345.7,226.0,1,3
474.32,3,3,21.0,1,1,33452.05,157.0,0,1
303.41,1,3,49.0,0,2,99629.02,75.0,0,0
0.32,2,2,19.0,1,5,35885.52,24.0,0,2
71.76,2,2,63.0,0,1,43145.96,85.0,0,0
256.01,0,1,46.0,1,2,81008.16,232.0,1,3
68.42,2,2,19.0,1,1,9319.31,23.0,0,2
138.03,0,1,51.0,0,4,38955.77,169.0,0,0
139.83,2,1,44.0,1,3,9028.15,111.0,0,2
68.13,0,2,71.0,1,1,14360.93,218.0,0,2
352.25,1,2,56.0,1,1,961.76,243.0,0,1
104.94,3,2,61.0,1,3,1449.66,151.0,0,2
93.76,3,2,55.0,1,5,38338.65,185.0,0,2
899.55,3,2,35.0,1,5,81011.8,202.0,0,1
102.03,1,1,53.0,1,1,58906.93,291.0,0,2
29.47,3,3,36.0,0,4,63673.95,57.0,0,0
107.95,2,0,44.0,1,1,52165.3,244.0,0,2
252.31,0,0,62.0,0,4,82069.42,294.0,0,0
224.99,1,1,37.0,0,1,88097.68,291.0,0,0
233.09,3,1,38.0,0,2,85049.2,192.0,0,0
184.66,2,3,40.0,0,1,81307.14,10.0,0,0
44.0,2,2,47.0,0,1,18679.95,287.0,1,3
297.17,1,1,42.0,0,3,59590.68,267.0,0,0
335.86,1,0,48.0,0,2,58425.24,53.0,0,1
32.38,3,2,44.0,1,5,53030.43,204.0,0,2
20.97,0,1,51.0,1,1,48340.87,64.0,0,2
557.01,3,2,25.0,1,1,9372.46,37.0,0,1
304.11,3,0,36.0,0,4,10665.24,248.0,0,0
335.57,1,2,58.0,1,2,90277.02,176.0,0,1
326.23,3,1,43.0,0,2,63203.55,211.0,0,0
117.03,3,1,45.0,0,1,26600.56,287.0,0,0
155.94,0,0,21.0,1,1,28290.39,26.0,0,2
118.24,2,3,48.0,0,1,61214.39,51.0,1,3
7.88,2,3,33.0,0,1,40990.03,162.0,0,0
205.27,0,2,68.0,1,2,44411.76,262.0,0,2
105.58,2,1,27.0,0,5,6534.67,147.0,0,0
156.49,3,1,55.0,1,1,14304.55,51.0,0,2
104.77,0,0,65.0,0,2,39638.37,31.0,0,0
101.54,0,0,27.0,0,1,70118.8,31.0,0,0
28.27,1,1,62.0,1,3,5278.53,149.0,0,2
49.01,2,0,26.0,1,1,33788.5,79.0,0,2
25.95,1,3,56.0,1,1,69659.66,191.0,0,2
32.66,3,3,53.0,0,2,79309.05,14.0,0,0
